dependency_id,breakthrough_id,node_id,relationship_type,mechanism,quantitative_impact,source_ids
DEP_001,BRKTH_001,T3_ANC_001,enabled_by,"The shift to natural causation was the constitutive act that brought Ionian natural inquiry into existence; without rejecting mythological explanation, the Milesians would not have been engaged in natural philosophy at all",,"SRC_001, SRC_018"
DEP_002,BRKTH_001,T3_ANC_002,enabled_by,Pluralist material theory required the prior acceptance that natural rather than mythological causes explain phenomena; Empedocles and Anaxagoras built directly on the Milesian natural-explanation framework,,"SRC_001, SRC_002"
DEP_003,BRKTH_001,T3_ANC_003,enabled_by,"Atomism depends on the prior commitment to natural mechanistic explanation; Leucippus and Democritus were answering the Milesian question of material constitution, not proposing supernatural causation",,"SRC_002, SRC_010"
DEP_004,BRKTH_001,T3_ANC_004,enabled_by,Peripatetic natural philosophy required the prior acceptance of natural causation; Aristotle's four causes are all natural; his rejection of myth as explanation is inherited from the Ionians,,"SRC_006, SRC_018"
DEP_005,BRKTH_002,T3_ANC_001,enabled_by,The concept of a material archē was the central question that defined Ionian inquiry; seeking the archē was the programme of the Milesian school,,"SRC_002, SRC_018"
DEP_006,BRKTH_002,T3_ANC_002,contributed_to,Pluralist material theory refined the archē concept by arguing that no single substance could explain change without remainder; accepting the archē question while pluralising the answer,,SRC_002
DEP_007,BRKTH_002,T3_ANC_003,contributed_to,Greek atomism answered the archē question with atoms and void; the atomists were responding to the same investigative programme the Milesians initiated,,"SRC_002, SRC_010"
DEP_008,BRKTH_003,T3_ANC_003,enabled_by,"The atomic theory of matter is the defining conceptual content of Greek Atomism; without atomic theory, this tradition does not exist",,"SRC_031, SRC_010"
DEP_009,BRKTH_003,T3_ANC_009,enabled_by,Indian element-specific atomism (paramāṇu theory) is the constitutive basis of Vaiśeṣika; the entire ontological edifice rests on atomic theory,,"SRC_004, SRC_031"
DEP_010,BRKTH_003,T3_ANC_011,contributed_to,Buddhist phenomenological atomism engaged with and adapted atomic theory from both the Vaiśeṣika and possibly indirect Greek traditions; atomism was the framework Buddhist thinkers refined and critiqued,,"SRC_005, SRC_013"
DEP_011,BRKTH_003,T3_ANC_012,enabled_by,Jaina pudgala atomism is constitutively an atomic theory; the homogenous atom is Jaina natural philosophy's fundamental building block,,"SRC_004, SRC_031"
DEP_012,BRKTH_004,T3_ANC_005,enabled_by,The axiomatic method was the defining methodological achievement of Alexandrian mathematics; Euclid's Elements is both the paradigm case and the foundational text of the Alexandrian tradition,,"SRC_016, SRC_015"
DEP_013,BRKTH_005,T3_ANC_007,enabled_by,The yin-yang and Five Phases framework is the defining conceptual content of the Yin-Yang and Five Phases School; it is what the tradition investigates and applies,,"SRC_003, SRC_008"
DEP_014,BRKTH_005,T3_ANC_008,contributed_to,Daoist natural observation operated alongside and in dialogue with the yin-yang framework; Daoist texts (Huainanzi) incorporated Five Phases cosmology while maintaining distinctive emphasis on spontaneous process,,SRC_003
DEP_015,BRKTH_006,T3_ANC_009,enabled_by,"The six-category padārtha system is the ontological framework within which Vaiśeṣika atomic theory is embedded; substance (dravya), quality (guṇa), and the other categories provide the structure for atomic description",,"SRC_004, SRC_009"
DEP_016,BRKTH_006,T3_ANC_010,enabled_by,Nyāya's epistemological analysis of valid knowledge sources (pramāṇas) was developed within the same ontological framework as Vaiśeṣika categories; the two schools shared a common conceptual vocabulary,,SRC_009
DEP_017,BRKTH_006,T3_ANC_012,contributed_to,"Jaina category ontology (the nine padārthas including jīva, ajīva, pudgala) shows parallel development to Vaiśeṣika categories; both traditions systematised ontological categories for natural investigation",,SRC_004
DEP_018,BRKTH_007,T3_ANC_004,enabled_by,Systematic biological classification was the centrepiece of Peripatetic natural investigation; Aristotle's classification of 500+ species was the most ambitious empirical project in ancient natural philosophy,,"SRC_006, SRC_024"
DEP_019,BRKTH_008,T3_ANC_010,enabled_by,"The four pramāṇas (perception, inference, comparison, testimony) are the constitutive subject matter of Nyāya philosophy; the entire school is organised around the analysis of valid knowledge sources",,SRC_009
DEP_020,BRKTH_008,T3_ANC_011,contributed_to,Buddhist epistemology (pramāṇavāda) developed its own pramāṇa theory in dialogue with and partly against the Nyāya account; Dharmakīrti's Buddhist pramāṇa theory shapes how Buddhist atomism is known,,SRC_005
DEP_021,BRKTH_009,T3_ANC_005,enabled_by,"Mathematical proof techniques (reductio, exhaustion, construction) were the methodological tools that made Alexandrian mathematical sciences possible; Euclid and Archimedes deployed these throughout their work",,SRC_016
DEP_022,BRKTH_009,T3_ANC_004,contributed_to,Aristotle modelled scientific demonstration (apodeixis) on geometrical proof; his theory of syllogistic demonstration in the Posterior Analytics was directly inspired by the form of Euclidean proof,,SRC_006
DEP_023,BRKTH_010,T3_ANC_005,enabled_by,"Quantitative astronomy — measurement of Earth's circumference, stellar positions, and celestial distances — was a defining achievement of the Alexandrian Mathematical Sciences tradition",,SRC_015
DEP_024,BRKTH_011,T3_ANC_006,enabled_by,"Systematic optical observation (pinhole imaging, mirror reflection, light propagation) was the most distinctive empirical achievement of Mohist investigation; it is what makes the Mohist tradition significant for natural investigation",,SRC_011
DEP_025,BRKTH_012,T3_ANC_005,contributed_to,Hydrostatics and the lever law were produced within the Alexandrian Mathematical Sciences tradition; they represent the application of the tradition's mathematical methods to physical phenomena,,"SRC_015, SRC_026"
DEP_026,BRKTH_013,T3_ANC_013,enabled_by,Encyclopedic compilation was the primary method and defining characteristic of Roman natural history; Pliny's Naturalis Historia is both the paradigm and the most important product of this tradition,,SRC_012
DEP_027,BRKTH_014,T3_ANC_013,contributed_to,"Clinical medical observation (Hippocratic case-history method, Galenic anatomy) was a major component of Roman natural history; Galen's medical corpus represents the synthesis of this tradition within the Roman period",,"SRC_006, SRC_012"
DEP_028,BRKTH_014,T3_ANC_007,contributed_to,"Chinese clinical medical observation (pulse diagnosis, Huangdi Neijing) developed within the yin-yang Five Phases framework; the two traditions were integrated rather than separate in Chinese medicine",,SRC_003
DEP_029,BRKTH_015,T3_ANC_002,contributed_to,Parmenides' logical argument against change was the direct stimulus for pluralist material theory; Empedocles and Anaxagoras were explicitly responding to the challenge that change requires permanent constituents,,SRC_002
DEP_030,BRKTH_015,T3_ANC_003,contributed_to,"Zeno's paradoxes of infinite divisibility were a central stimulus for atomist theory; if infinite divisibility leads to paradox, then there must be a minimal indivisible particle",,"SRC_002, SRC_010"
DEP_031,BRKTH_015,T3_ANC_006,contributed_to,"Chinese School of Names paradoxes (Hui Shi, Gongsun Long) were produced in proximity to the Mohist investigation tradition; both traditions engaged with logical analysis of physical and conceptual distinctions",,"SRC_008, SRC_011"
DEP_032,BRKTH_016,T3_ANC_005,contributed_to,The armillary sphere was developed and used within the Alexandrian astronomical tradition; Hipparchus and Ptolemy used it to make the precise observations that defined Alexandrian quantitative astronomy,,SRC_015
DEP_033,BRKTH_016,T3_ANC_007,contributed_to,Zhang Heng's water-powered armillary sphere was the peak instrument of the Yin-Yang and Five Phases School's astronomical practice; it served both observational and teaching functions,,SRC_003
DEP_034,BRKTH_017,T3_ANC_005,contributed_to,The astrolabe was developed within and used by the Alexandrian Mathematical Sciences tradition; it represents the application of stereographic projection (advanced Alexandrian geometry) to observational astronomy,,SRC_015
DEP_035,BRKTH_018,T3_ANC_003,contributed_to,Cross-cultural transmission via Greco-Bactrian contact zones may have influenced the development of Greek and Indian atomism; the parallel existence of atomic theories in Greece and India raises the question of transmission versus independent development (currently uncertain),,"SRC_021, SRC_022"
DEP_036,BRKTH_018,T3_ANC_009,contributed_to,Greek zodiac signs and astronomical parameters were transmitted to India through Greco-Bactrian contact zones (Gargi Samhita acknowledges Yavana/Greek astronomical superiority); Indian Vaiśeṣika engaged with external astronomical knowledge,,"SRC_020, SRC_021"
DEP_037,BRKTH_019,T3_MED_002,enabled_by,Systematic experimental method with controlled testing and repeatability constituted the defining methodological innovation of Islamic optics; Book of Optics instantiated the method and the field simultaneously,Defined methodology of entire tradition,"SRC_034, SRC_046"
DEP_038,BRKTH_019,T3_MED_010,transformed_by,European experimental tradition received experimental method through Latin translation of Book of Optics (Perspectiva); transformed from scholastic authority-reliance toward empirical verification,Provided methodological model for European experimental approach,"SRC_044, SRC_040"
DEP_039,BRKTH_020,T3_MED_001,enabled_by,Quantitative chemical analysis provided the measurement framework distinguishing Islamic systematic alchemy from qualitative Hellenistic alchemy,Core methodological advance defining Islamic versus Hellenistic alchemy,"SRC_036, SRC_037"
DEP_040,BRKTH_021,T3_MED_001,enabled_by,"Translation methodology enabled Syriac and Greek alchemical texts to reach Arabic-speaking scholars in accurate form, providing foundation material for Islamic alchemical development",Without translations Islamic alchemy would lack ancient foundation texts,"SRC_033, SRC_038"
DEP_041,BRKTH_021,T3_MED_003,enabled_by,"Translation methodology provided accurate Arabic versions of Galen, Hippocrates, and Paul of Aegina enabling systematic Islamic medical systematisation on Greek foundation",Hunayn's 129 Galen translations were prerequisite for Islamic medical encyclopaedism,"SRC_033, SRC_038"
DEP_042,BRKTH_021,T3_MED_004,enabled_by,"Translation of Greek mathematical texts (Euclid, Archimedes, Diophantus) plus Indian astronomical works enabled synthesis into Islamic mathematical sciences",Mathematical corpus synthesis required accurate translations from multiple source traditions,"SRC_033, SRC_038"
DEP_043,BRKTH_021,T3_MED_005,enabled_by,Translation of Ptolemy's Almagest enabled Islamic astronomers to engage with and eventually improve upon Ptolemaic astronomy,Almagest translation is direct prerequisite for Islamic astronomical observational programme,"SRC_033, SRC_038"
DEP_044,BRKTH_021,T3_MED_006,enabled_by,Translation of complete Aristotelian corpus into Arabic enabled falsafa as systematic Islamic engagement with Greek natural philosophy,Complete Aristotle in Arabic was necessary condition for falsafa tradition,"SRC_033, SRC_038"
DEP_045,BRKTH_021,T3_MED_009,enabled_by,"Arabic-to-Latin translation methodology (Toledo school) enabled European scholars to access Aristotle and Islamic commentaries, enabling scholastic natural philosophy",Gerard of Cremona's 87+ translations were direct enabler of European scholasticism,"SRC_038, SRC_039"
DEP_046,BRKTH_021,T3_MED_011,enabled_by,"Latin translations of Islamic alchemical texts (Jabir corpus, Al-Razi) provided European alchemists with practical chemical procedures",Islamic alchemical textual tradition accessed through Toledo translations,SRC_038
DEP_047,BRKTH_022,T3_MED_003,enabled_by,"Hospital-based institutional framework enabled systematic accumulation of clinical observations across many patients, making Islamic medical systematisation possible beyond individual practitioner experience",Bimaristan hospitals provided institutional data collection enabling medical encyclopaedism,SRC_051
DEP_048,BRKTH_023,T3_MED_009,transformed_by,"Impetus theory challenged Aristotelian motion physics from within scholastic framework, introducing concept of transferred quantity of motion anticipating momentum",First successful modification of Aristotelian dynamics in European scholasticism,"SRC_043, SRC_045"
DEP_049,BRKTH_024,T3_MED_009,transformed_by,"Mathematical analysis of qualities introduced graphical and quantitative methods into Aristotelian natural philosophy, transforming qualitative physics into proto-mathematical physics",Mean speed theorem and latitude of forms represent new mathematical physics within scholasticism,"SRC_043, SRC_045"
DEP_050,BRKTH_025,T3_MED_005,enabled_by,Systematic multi-decade observational programmes with purpose-built observatory infrastructure constituted the institutional core of Islamic astronomical science,Without institutional observatories systematic parameter correction would have been impossible,"SRC_039, SRC_047"
DEP_051,BRKTH_026,T3_MED_004,enabled_by,"Algebraic problem-solving methods constituted the defining conceptual breakthrough of Islamic mathematical sciences, creating algebra as independent discipline",Algebra as discipline directly defined by this breakthrough,"SRC_035, SRC_049"
DEP_052,BRKTH_027,T3_MED_007,enabled_by,Systematic natural history observation methodology embodied in Shen Kuo's Dream Pool Essays defined the observational character of Song Dynasty material investigation,Encyclopaedic empirical multi-disciplinary method defined the tradition,"SRC_041, SRC_042"
DEP_053,BRKTH_028,T3_MED_001,transformed_by,"Discovery of mineral acids expanded Islamic alchemical capability beyond any ancient precedent, enabling dissolution of gold and new categories of chemical analysis",Mineral acids represented qualitative expansion of chemical toolkit beyond Hellenistic alchemy,"SRC_036, SRC_037"
DEP_054,BRKTH_029,T3_MED_001,enabled_by,"Improved distillation apparatus enabled systematic production of purified substances including ethanol and essential oils, providing key tools for Islamic systematic alchemy",Alembic improvements were practical prerequisite for systematic distillation procedures,SRC_036
DEP_055,BRKTH_029,T3_MED_011,enabled_by,Distillation apparatus and procedures transmitted through translations enabled European practical alchemy to produce purified pharmaceutical preparations,European alchemists relied on Islamic distillation procedures received through translations,SRC_036
DEP_056,BRKTH_030,T3_MED_008,enabled_by,Movable type printing enabled mass production of texts enabling literate culture expansion in Song China and reducing cost of knowledge transmission,Print culture expansion was key feature of Song Chinese technological innovation cluster,SRC_041
DEP_057,BRKTH_031,T3_MED_008,enabled_by,Gunpowder weaponry development through Daoist alchemical experimentation was one of defining technological breakthroughs of Song-Yuan Chinese technological tradition,Military gunpowder applications defined the practical character of Song technological innovation,SRC_041
DEP_058,BRKTH_032,T3_MED_008,enabled_by,Magnetic compass navigation was a core technological breakthrough of Song China enabling reliable maritime direction-finding independent of celestial observations,Compass enabled expansion of Chinese maritime trade in Song period,SRC_041
DEP_059,BRKTH_033,T3_MED_005,enabled_by,Improved astronomical instruments with greater scale and precision enabled finer parameter determinations correcting Ptolemaic values through systematic observation,Instrument precision directly limited achievable measurement accuracy; improvements unlocked more precise astronomy,"SRC_039, SRC_047"
DEP_060,BRKTH_034,T3_MED_008,enabled_by,Water-powered astronomical clock with mechanical escapement exemplified highest achievement of Song Chinese mechanical engineering and astronomical instrument-making,Su Song's clock tower was masterwork of the Chinese technological tradition,SRC_041
DEP_061,BRKTH_035,T3_MED_003,enabled_by,Al-Zahrawi's systematic surgical instrument documentation and illustrated textbook enabled training of surgeons and transmission of surgical technique beyond individual apprenticeship,Illustrated surgical documentation enabled European adoption of Islamic surgical techniques,SRC_051
DEP_062,BRKTH_036,T3_MED_010,transformed_by,Optical lens grinding and theory transformed European experimental optics from purely theoretical enterprise into one with practical material products demonstrating connection of theory to craft,Eyeglasses demonstrated productive theory-practice connection in experimental optics,"SRC_040, SRC_044"
DEP_063,BRKTH_037,T3_EMD_001,transformed_by,Systematic experimental method was the constitutive transformation of Experimental Philosophy tradition; formalised inductive experimentation replaced scholastic textual authority as primary mode of natural investigation,,"SRC_057, SRC_058"
DEP_064,BRKTH_038,T3_EMD_003,transformed_by,Mathematical laws of nature were the defining achievement of Mathematical Physics; Newton's Principia demonstrated nature universally governed by mathematical equations unifying terrestrial and celestial mechanics,,"SRC_062, SRC_063"
DEP_065,BRKTH_039,T3_EMD_005,transformed_by,Quantitative chemistry was the methodological core of the Chemical Revolution; Lavoisier's insistence on precise balance measurements before and after all reactions transformed chemistry from qualitative to quantitative science,,"SRC_065, SRC_072"
DEP_066,BRKTH_040,T3_EMD_001,transformed_by,Replication and public demonstration formalised experimental philosophy's social epistemology; Royal Society model of witnessed and replicated experiments created collective knowledge validation replacing individual authority,,SRC_054
DEP_067,BRKTH_041,T3_EMD_005,transformed_by,Systematic chemical nomenclature was constitutive of chemistry as distinct science; composition-indicating names replaced alchemical names enabling precise international communication and separating chemistry from alchemy linguistically,,"SRC_065, SRC_066"
DEP_068,BRKTH_042,T3_EMD_005,transformed_by,Operational element definitions grounded chemical revolution in testable criteria; Lavoisier's definition of elements as substances non-decomposable by available means made element concept empirically tractable,,SRC_068
DEP_069,BRKTH_043,T3_EMD_001,contributed_to,Precision measurement emphasis pervaded all experimental philosophy fields; transformed natural investigation from qualitative description to quantitative determination enabling theory testing and atomic weight determination,,"SRC_071, SRC_072"
DEP_070,BRKTH_044,T3_EMD_001,transformed_by,Hypothesis testing formalised experimental philosophy's epistemological core; designed experiments to discriminate between competing hypotheses replaced commentary on ancient authorities as means of settling natural questions,,"SRC_057, SRC_055"
DEP_071,BRKTH_045,T3_EMD_003,transformed_by,Mathematical modeling was defining method of mathematical physics; equations modeling nature and enabling predictions transformed natural philosophy from qualitative description to quantitative predictive science,,"SRC_062, SRC_064"
DEP_072,BRKTH_046,T3_EMD_009,transformed_by,"Disciplinary specialisation transformed natural history from part of unified natural philosophy into autonomous discipline with own methods, journals, societies, and professional identity distinct from physics and chemistry",,"SRC_054, SRC_055"
DEP_073,BRKTH_047,T3_EMD_010,transformed_by,Universal gravitation transformed astronomy by explaining WHY Kepler's laws hold; same gravitational force governing terrestrial and celestial motion unified physics and astronomy into single mathematical science,,"SRC_062, SRC_063"
DEP_074,BRKTH_048,T3_EMD_005,transformed_by,Conservation of mass was foundational principle of Chemical Revolution; demonstrated in sealed systems that matter is neither created nor destroyed enabled balancing chemical equations and determining atomic weights,,"SRC_065, SRC_072"
DEP_075,BRKTH_049,T3_EMD_005,transformed_by,"Oxygen theory of combustion was the central conceptual achievement of Chemical Revolution; replaced phlogiston theory explaining combustion, calcination, and respiration through oxygen combination instead of phlogiston release",,"SRC_065, SRC_069"
DEP_076,BRKTH_050,T3_EMD_006,transformed_by,Quantitative atomic theory was the constitutive achievement of Early Atomic Theory tradition; Dalton's atoms with measurable weights transformed ancient philosophical atoms into scientific entities with testable properties,,"SRC_067, SRC_066"
DEP_077,BRKTH_051,T3_EMD_002,transformed_by,Mechanical philosophy worldview was the constitutive framework of Mechanical Philosophy tradition; Descartes and Boyle's systematic corpuscular matter theory replaced Aristotelian substantial forms as dominant explanatory framework,,"SRC_059, SRC_060"
DEP_078,BRKTH_052,T3_EMD_002,transformed_by,Law of inertia transformed Mechanical Philosophy by providing non-Aristotelian motion principle; objects not requiring continued force for motion enabled purely mechanical explanations without teleological elements,,"SRC_059, SRC_062"
DEP_079,BRKTH_053,T3_EMD_016,transformed_by,Stratigraphic principles were constitutive of Early Earth Sciences; Steno's three principles provided reliable methods for interpreting rock sequences and recognising fossils as biological remains enabling systematic geology,,SRC_055
DEP_080,BRKTH_054,T3_EMD_011,transformed_by,Circulation of blood discovery transformed Anatomy and Physiology by overturning Galenic cardiovascular theory through quantitative physiological argument; established experimental demonstration as method for physiology,,SRC_055
DEP_081,BRKTH_055,T3_EMD_010,transformed_by,Heliocentrism was the cosmological transformation of Early Modern Astronomy; displacing Earth from cosmic centre required new physics (inertia) and initiated century-long astronomical revolution completed by Newton,,"SRC_055, SRC_058"
DEP_082,BRKTH_056,T3_EMD_010,transformed_by,"Telescope transformed astronomy by revealing previously invisible phenomena; Jupiter moons, Venus phases, and lunar topography provided decisive visual evidence for heliocentrism and revolutionised observational capabilities",,"SRC_071, SRC_055"
DEP_083,BRKTH_057,T3_EMD_011,transformed_by,Microscope transformed Anatomy and Physiology by extending investigation to cellular and capillary scales; Malpighi's capillary confirmation of Harvey's circulation and Hooke's cell discovery depended entirely on microscopic observation,,"SRC_071, SRC_055"
DEP_084,BRKTH_058,T3_EMD_002,transformed_by,Air pump transformed Mechanical Philosophy by enabling vacuum experiments demonstrating atmospheric pressure as quantifiable mechanical force; Boyle's experiments provided empirical content for corpuscular theory of air,,"SRC_071, SRC_060"
DEP_085,BRKTH_059,T3_EMD_012,transformed_by,Standardized thermometer transformed Instrument-Making Traditions by enabling quantitative temperature measurement; standardised scales enabled reproducible heat experiments across different laboratories and nations,,SRC_071
DEP_086,BRKTH_060,T3_EMD_012,transformed_by,"Barometer transformed Instrument-Making by demonstrating atmospheric pressure as measurable physical quantity; enabled meteorological observations, altitude measurements, and vacuum experiments foundational to pneumatic studies",,"SRC_071, SRC_055"
DEP_087,BRKTH_061,T3_EMD_012,transformed_by,"Precision pendulum clock transformed Instrument-Making Traditions by achieving dramatically improved timekeeping accuracy; enabled precise astronomical timing, pendulum experiments measuring gravity, and navigation longitude attempts",,"SRC_071, SRC_055"
DEP_088,BRKTH_062,T3_EMD_004,transformed_by,"Pneumatic trough was constitutive enabling technology of Pneumatic Chemistry; enabled systematic collection and study of distinct gases that Black, Priestley, Scheele, and Cavendish used to discover and characterise multiple gaseous substances",,"SRC_070, SRC_055"
DEP_089,BRKTH_063,T3_EMD_005,contributed_to,"Precision balance contributed centrally to Chemical Revolution; Lavoisier's milligram-sensitive balance enabled conservation of mass verification, precise element ratios, and quantitative stoichiometry transforming chemistry",,SRC_072
DEP_090,BRKTH_064,T3_EMD_008,transformed_by,Voltaic pile battery transformed Electricity Studies by providing first continuous current source; changed electrical research from static electricity phenomena to dynamic current enabling electrochemistry and electromagnetic discoveries,,SRC_055
DEP_091,BRKTH_092,T3_MOD_001,transformed_by,"Systematic organic synthesis methods (esterification, reductions, functional-group transformations 1850-1940) transformed Organic Chemistry from descriptive classification into a creative constructive science; Wöhler's urea synthesis was the proof of concept that opened purposeful molecular construction",,SRC_075
DEP_092,BRKTH_068,T3_MOD_001,contributed_to,"Periodic table provided systematic context for organic compounds, highlighting carbon's tetravalent position; explained the uniqueness of carbon chain-forming chemistry and framed organic reactivity patterns within a broader elemental framework",,SRC_075
DEP_093,BRKTH_088,T3_MOD_001,transformed_by,X-ray crystallography enabled direct determination of three-dimensional molecular structures of organic compounds; resolved debates over benzene ring geometry and natural product configurations; transformed structure determination from chemical inference to direct experimental observation,,SRC_076
DEP_094,BRKTH_080,T3_MOD_002,transformed_by,Emission spectroscopy transformed Analytical Chemistry by providing the first method for unambiguous elemental identification via spectral fingerprints; enabled analysis of materials in any physical state without prior separation; founded spectroanalytical methods as primary analytical approach,,SRC_075
DEP_095,BRKTH_093,T3_MOD_002,transformed_by,"Chromatographic separation techniques (paper, column, gas, liquid chromatography 1900-1940) gave analytical chemists systematic means to isolate components of complex mixtures; enabled analysis of biological fluids, environmental samples, and synthetic mixtures with multiple components",,SRC_076
DEP_096,BRKTH_087,T3_MOD_002,contributed_to,Mass spectrometry contributed precise atomic mass measurements and isotopic composition data to Analytical Chemistry; became a primary tool for molecular weight and fragmentation pattern identification; transformed trace-level organic analysis,,SRC_076
DEP_097,BRKTH_068,T3_MOD_003,transformed_by,"Periodic table transformed Inorganic Chemistry into a predictive framework: elemental groups share chemical behaviour, oxidation states follow periodic trends, and missing elements were predicted with their properties; systematic inorganic synthesis became organised around periodic structure",,SRC_075
DEP_098,BRKTH_088,T3_MOD_003,transformed_by,"X-ray crystallography directly determined three-dimensional structures of inorganic crystals, minerals, and coordination compounds; confirmed Werner's octahedral coordination geometry; enabled structure-property relationships in inorganic solid-state materials",,SRC_076
DEP_099,BRKTH_065,T3_MOD_004,enabled_by,Conservation of energy principle provided Physical Chemistry with its thermodynamic foundation: chemical reactions involve energy changes governed by universal conservation; enthalpy and free energy concepts rest on energy conservation as their axiomatic basis,,SRC_075
DEP_100,BRKTH_066,T3_MOD_004,enabled_by,"Second law and entropy enabled Physical Chemistry to predict direction and equilibrium position of chemical reactions via Gibbs free energy (ΔG = ΔH - TΔS); spontaneity criterion essential for electrochemistry, solution equilibria, and phase behaviour",,SRC_075
DEP_101,BRKTH_091,T3_MOD_004,transformed_by,"Electrochemical methods enabled precise measurements of electrode potentials, ionic conductivities, and electrolyte activities; underpinned Nernst equation, Arrhenius ionisation theory, and van't Hoff osmotic work; made Physical Chemistry quantitatively precise",,SRC_075
DEP_102,BRKTH_065,T3_MOD_005,transformed_by,"Conservation of energy transformed Thermodynamics from engineering science of heat engines into a universal physical theory; Joule's mechanical equivalent established the first law quantitatively; energy conservation unified heat, work, and mechanical motion under one principle",,SRC_075
DEP_103,BRKTH_066,T3_MOD_005,transformed_by,Second law formulation and entropy concept constituted the conceptual core of thermodynamics as a mature theory; entropy as state function quantified irreversibility; the two laws together with absolute temperature gave thermodynamics its complete axiomatic structure,,SRC_075
DEP_104,BRKTH_090,T3_MOD_005,contributed_to,Precision thermochemical calorimetry provided reliable enthalpy data for chemical and physical processes; Hess's law verification; formation enthalpies enabling free energy calculations via Gibbs-Helmholtz equation; calorimetric accuracy underpinned quantitative thermodynamics,,SRC_075
DEP_105,BRKTH_067,T3_MOD_006,transformed_by,Maxwell's electromagnetic theory transformed Electromagnetism from a collection of empirical laws into a unified mathematical field theory; predicted electromagnetic waves at the speed of light unifying optics with electromagnetism; the definitive synthesis of the discipline,,SRC_075
DEP_106,BRKTH_064,T3_MOD_006,enabled_by,"Voltaic pile battery enabled continuous current experiments underpinning Oersted's electromagnetic discovery, Ampère's quantitative laws, and Faraday's induction experiments; sustained current was necessary for systematic electromagnetic investigation",,SRC_075
DEP_107,BRKTH_067,T3_MOD_007,transformed_by,"Maxwell's electromagnetic theory transformed Modern Optics by identifying light as electromagnetic waves; established frequency and wavelength of visible light; predicted and unified radio, infrared, visible, ultraviolet, and X-ray radiation as one electromagnetic spectrum",,SRC_075
DEP_108,BRKTH_084,T3_MOD_007,transformed_by,Michelson interferometer and ether null result transformed Modern Optics by eliminating the mechanical ether and establishing precision interference measurement as primary optical metrology; interferometry enabled wavelength-based length standards and high spectral resolution,,SRC_075
DEP_109,BRKTH_080,T3_MOD_007,enabled_by,Emission spectroscopy enabled Modern Optics by demonstrating discrete spectral lines as precise probes of atomic structure; spectral analysis of light sources drove the identification of elements in stars and motivated the quantum explanation of atomic line spectra,,SRC_075
DEP_110,BRKTH_081,T3_MOD_008,transformed_by,Electron discovery constituted the first identification of a subatomic particle transforming Atomic/Nuclear Physics from chemical atomic theory to sub-atomic particle physics; demonstrated atoms have internal structure motivating Thomson's model and Rutherford's scattering experiment,,SRC_075
DEP_111,BRKTH_082,T3_MOD_008,transformed_by,"Radioactivity discovery revealed spontaneous nuclear transformations showing atoms are not immutable; alpha, beta, gamma emissions; elemental transmutation; provided the alpha-particle probes used in Rutherford's nuclear model experiment founding nuclear physics",,SRC_075
DEP_112,BRKTH_086,T3_MOD_008,transformed_by,Alpha scattering experiment established the nuclear atomic model replacing Thomson's plum pudding; tiny dense positive nucleus concentrating most of the atomic mass; estimated nuclear radius from scattering angles founding quantitative nuclear structure studies,,SRC_075
DEP_113,BRKTH_083,T3_MOD_008,enabled_by,X-ray discovery provided a new high-energy radiation probing atomic inner shells and crystal structure; Moseley's X-ray atomic number measurements placed the periodic table on quantitative basis identifying atomic number as the fundamental atomic property,,SRC_075
DEP_114,BRKTH_094,T3_MOD_008,transformed_by,Nuclear fission and chain reaction demonstrated that nuclear binding energy vastly exceeds chemical energy and can be released in cascade; transformed Atomic/Nuclear Physics from basic science into applied nuclear technology; raised questions about stellar energy from nuclear reactions,,SRC_076
DEP_115,BRKTH_070,T3_MOD_009,enabled_by,Planck's energy quantisation provided the foundational seed of quantum theory; the concept that energy exchanges occur in discrete quanta E=hν broke the classical continuum assumption and made discreteness a fundamental feature of the quantum world,,SRC_075
DEP_116,BRKTH_073,T3_MOD_009,enabled_by,Bohr's atomic model introduced quantised orbits and discrete energy levels explaining hydrogen line spectra; correspondence principle bridged classical and quantum domains; its explicit quantum postulates were the direct precursors that Heisenberg and Schrödinger reformulated rigorously,,SRC_075
DEP_117,BRKTH_076,T3_MOD_009,transformed_by,"Matrix mechanics and wave mechanics formulations constituted the mathematical completion of quantum mechanics; Born's probabilistic interpretation, Dirac's transformation theory, and Heisenberg's commutation relations established the axiomatic structure of quantum mechanics",,SRC_076
DEP_118,BRKTH_077,T3_MOD_009,transformed_by,"Uncertainty principle transformed Quantum Mechanics epistemologically: ΔxΔp ≥ ℏ/2 is an intrinsic feature of quantum states, not merely a measurement limitation; complementarity of conjugate observables defines the quantum-classical boundary",,SRC_076
DEP_119,BRKTH_079,T3_MOD_009,transformed_by,Dirac equation extended quantum mechanics to the relativistic regime predicting spin-½ naturally and antimatter existence; established QM compatibility with special relativity; provided the foundation for quantum field theory as the next level of quantum description,,SRC_076
DEP_120,BRKTH_071,T3_MOD_010,transformed_by,"Special relativity transformed physics by establishing Lorentz invariance as fundamental symmetry; time dilation, length contraction, relativity of simultaneity, and E=mc² mass-energy equivalence; eliminated the ether; unified space and time into a four-dimensional spacetime",,SRC_075
DEP_121,BRKTH_074,T3_MOD_010,transformed_by,"General relativity transformed Relativity into a theory of gravitation and spacetime geometry; curvature of spacetime by mass-energy; gravitational time dilation and redshift; prediction of black holes, gravitational waves, and expanding cosmology",,SRC_076
DEP_122,BRKTH_084,T3_MOD_010,enabled_by,Michelson-Morley null ether result (1887) provided crucial experimental motivation for special relativity; demonstrating that light speed is frame-independent eliminated the mechanical ether that classical electrodynamics required and demanded a new kinematic theory,,SRC_075
DEP_123,BRKTH_065,T3_MOD_011,enabled_by,"Conservation of energy provided Statistical Mechanics its macroscopic anchor: microscopic molecular motions must conserve total energy, constraining phase-space trajectories and establishing the microcanonical ensemble as the fundamental equilibrium ensemble",,SRC_075
DEP_124,BRKTH_069,T3_MOD_011,transformed_by,Statistical interpretation of entropy S=k·ln(W) was the central achievement of Statistical Mechanics: thermodynamic entropy explained as logarithm of microscopic configurations; Boltzmann constant k bridged macroscopic temperature to microscopic kinetic energy,,SRC_075
DEP_125,BRKTH_066,T3_MOD_011,enabled_by,Second law and entropy gave Statistical Mechanics its explanatory target: deriving macroscopic irreversibility from time-reversible microscopic mechanics; Boltzmann's H-theorem and Gibbs ensemble theory both aimed to explain entropy increase from molecular statistics,,SRC_075
DEP_126,BRKTH_079,T3_CON_001,enabled_by,Dirac equation provided the relativistic quantum foundation that QFT extended; second quantisation of the Dirac field yielded QED; the Dirac sea and positron prediction established that relativistic QM requires multi-particle field theory,,SRC_076
DEP_127,BRKTH_095,T3_CON_001,transformed_by,"QED renormalization (Feynman, Schwinger, Tomonaga 1948-1949) resolved the ultraviolet divergence problem, making QFT a predictively successful theory; QED became the template for all subsequent quantum field theories in the Standard Model",,SRC_077
DEP_128,BRKTH_100,T3_CON_001,transformed_by,"Standard Model completion (1967-1974) extended QFT from QED to include weak and strong interactions; electroweak unification, QCD with colour charge and asymptotic freedom; established QFT as the universal framework for fundamental particle physics",,SRC_077
DEP_129,BRKTH_076,T3_CON_002,enabled_by,"Quantum mechanics is the foundational framework of Condensed Matter Physics; band theory, Fermi-Dirac statistics, Bose-Einstein statistics, and quantum many-body theory all derive from QM applied to large numbers of interacting electrons and atoms in solids",,SRC_076
DEP_130,BRKTH_097,T3_CON_002,transformed_by,"BCS theory of superconductivity (1957) provided the first complete microscopic quantum theory of a macroscopic ordered state; Cooper-pair condensation, energy gap, and Josephson effects established CMP as capable of deriving emergent phenomena from microscopic interactions",,SRC_077
DEP_131,BRKTH_098,T3_CON_002,transformed_by,"Anderson's More is Different (1972) established emergence and broken symmetry as the organising principles of CMP; legitimised condensed matter as equal to particle physics; symmetry breaking, order parameters, and universality classes became central theoretical tools",,SRC_077
DEP_132,BRKTH_103,T3_CON_002,transformed_by,"Quantum Hall effects (integer 1980, fractional 1982) opened topological physics within CMP; quantised Hall resistance as topological invariant; topological order as new class of quantum phases beyond Landau symmetry-breaking paradigm; transformed CMP theoretical landscape",,SRC_077
DEP_133,BRKTH_088,T3_CON_003,enabled_by,"X-ray crystallography enabled Materials Science by revealing atomic-scale structure of metals, ceramics, and polymers; structure-property relationships became quantitative once crystal structures were known; diffraction is the primary structural characterisation tool in materials science",,SRC_076
DEP_134,BRKTH_096,T3_CON_003,transformed_by,"Transistor invention (1947) demonstrated that engineered semiconductor materials with controlled doping could perform electronic functions; created demand for precision materials processing, defect control, and epitaxial growth; drove semiconductor materials science as a discipline",,SRC_077
DEP_135,BRKTH_102,T3_CON_003,contributed_to,High-temperature superconductivity in cuprates (1986) opened an entirely new class of functional oxide materials; demonstrated that strongly correlated electron systems can be exploited for applications; stimulated discovery of many other oxide functional materials,,SRC_079
DEP_136,BRKTH_099,T3_CON_004,transformed_by,"Density functional theory (Hohenberg-Kohn 1964, Kohn-Sham 1965) transformed Computational Chemistry by replacing the intractable N-electron wavefunction with electron density functionals; made routine ab initio calculations feasible for molecules with hundreds of atoms",,SRC_079
DEP_137,BRKTH_108,T3_CON_004,enabled_by,"NMR spectroscopy provided experimental molecular geometry and dynamics data that computational chemistry methods needed to validate; coupling constants, chemical shifts, and relaxation times benchmark quantum chemical calculations of molecular electronic structure",,SRC_078
DEP_138,BRKTH_076,T3_CON_004,enabled_by,"Quantum mechanics is the axiomatic foundation of Computational Chemistry; Schrödinger equation provides the exact mathematical target; Hartree-Fock, configuration interaction, and DFT are all approximation schemes for solving the quantum mechanical many-electron problem",,SRC_076
DEP_139,BRKTH_109,T3_CON_005,transformed_by,"STM and AFM (1981-1986) transformed Surface Science by enabling direct real-space imaging of individual atoms on surfaces; surface reconstructions, adsorbate positions, and local electronic structure became directly observable at atomic resolution; made atomic-scale surface chemistry visual",,SRC_079
DEP_140,BRKTH_083,T3_CON_005,enabled_by,"X-ray discovery enabled surface science through development of LEED, XPS, and X-ray scattering techniques probing surface atomic structure and chemistry; X-ray based surface methods provided structural and chemical information before STM era",,SRC_075
DEP_141,BRKTH_109,T3_CON_006,enabled_by,STM and AFM provided the instruments that made nanotechnology experimentally accessible; STM tip manipulation of individual atoms demonstrated practical atomic-scale engineering; AFM enabled biological nanotechnology; scanning probe family is the primary tool of experimental nanotechnology,,SRC_077
DEP_142,BRKTH_110,T3_CON_006,transformed_by,"Carbon nanostructures (C60 1985, CNTs 1991, graphene 2004) transformed Nanotechnology by providing the first practically usable nanomaterials with extraordinary electronic, mechanical, and thermal properties; demonstrated that low-dimensional carbon nanotechnology is chemically stable and scalable",,SRC_079
DEP_143,BRKTH_096,T3_CON_007,transformed_by,Transistor invention (1947) founded Semiconductor Physics as an applied physics discipline; junction transistor design drove systematic band theory and carrier dynamics understanding; silicon semiconductor technology became the dominant platform shaping all subsequent semiconductor physics,,SRC_078
DEP_144,BRKTH_111,T3_CON_007,transformed_by,"Silicon integrated circuit (1958) and microprocessor (1971) transformed Semiconductor Physics by requiring nm-scale precision in doping, lithography, and epitaxy; Moore's Law driven miniaturisation pushed semiconductor physics to quantum mechanical limits",,SRC_079
DEP_145,BRKTH_107,T3_CON_007,contributed_to,"Laser (1960) contributed to Semiconductor Physics through semiconductor laser development and optical characterisation; photoluminescence, Raman spectroscopy, and laser epitaxy became primary semiconductor characterisation and fabrication tools",,SRC_079
DEP_146,BRKTH_092,T3_CON_008,enabled_by,"Organic synthesis methods enabled Polymer/Soft Matter Chemistry by providing systematic routes to monomers and controlled polymerisation reactions; addition, condensation, and ring-opening polymerisation methods enabled synthesis of designed polymer architectures",,SRC_075
DEP_147,BRKTH_108,T3_CON_008,transformed_by,"NMR spectroscopy transformed Polymer/Soft Matter by enabling chain microstructure determination (tacticity, sequence distribution, branching), polymer dynamics measurements, and gel-phase characterisation; modern polymer characterisation is unthinkable without NMR",,SRC_078
DEP_148,BRKTH_088,T3_CON_009,enabled_by,"X-ray crystallography enabled Structural Biology by revealing the three-dimensional structures of proteins (myoglobin 1958, haemoglobin 1959), DNA (Watson-Crick 1953), and other biomolecules; atomic-resolution structures provide the mechanistic basis for enzyme catalysis and drug design",,SRC_076
DEP_149,BRKTH_108,T3_CON_009,transformed_by,"NMR spectroscopy transformed Structural Biology by enabling structure determination of proteins in solution rather than crystals; protein dynamics, folding intermediates, and ligand binding kinetics became accessible; complementary to X-ray crystallography for flexible regions",,SRC_078
DEP_150,BRKTH_112,T3_CON_009,transformed_by,"Cryo-electron microscopy (1975-2013) transformed Structural Biology by enabling near-atomic resolution structures of large membrane proteins, virus particles, and assemblies refractory to crystallisation; 2017 Nobel Prize reflected the revolution; made structural biology universal",,SRC_079
DEP_151,BRKTH_113,T3_CON_009,transformed_by,"X-ray protein crystallography (first protein structures 1958-1970s) transformed Structural Biology into a separate discipline from biochemistry; high-resolution structures of enzymes, antibodies, and ribosomes at atomic detail provided molecular mechanisms for life processes",,SRC_079
DEP_152,BRKTH_103,T3_CON_010,enabled_by,Quantum Hall effects demonstrated that topological quantum numbers (TKNN Chern number) govern electronic states in 2D systems; integer QHE is the prototype of a topological insulator phase; fractional QHE exemplified topological order beyond Landau paradigm,,SRC_078
DEP_153,BRKTH_104,T3_CON_010,transformed_by,"Topological phases of matter theory (Haldane model 1988, topological insulator theory 2005-2007, Thouless TKNN) established topological invariants as classifying principle; predicted topological insulators with conducting surface states and bulk gap; entire new materials class",,SRC_080
DEP_154,BRKTH_110,T3_CON_010,contributed_to,"Graphene (2004) and other 2D carbon nanostructures provided the physical realisation of 2D Dirac fermion physics predicted theoretically; anomalous quantum Hall effect in graphene, Klein tunnelling, and massless carriers validated topological band theory predictions",,SRC_080
DEP_155,BRKTH_105,T3_CON_011,transformed_by,Shor's algorithm (1994) transformed Quantum Computing from academic curiosity to strategic priority; demonstrating exponential speedup for factoring threatened RSA cryptography; motivated massive government and corporate investment in physical qubit implementation,,SRC_080
DEP_156,BRKTH_106,T3_CON_011,enabled_by,Bell inequality violation experiments (1972-2022) established quantum entanglement as a real physical resource; demonstrated that quantum correlations cannot be explained classically; entanglement is the computational resource underlying quantum gate teleportation and quantum error correction,,SRC_080
DEP_157,BRKTH_115,T3_CON_011,contributed_to,Laser cooling and BEC (1985-1995) contributed to Quantum Computing by enabling trapped-ion and neutral-atom qubit platforms; laser cooling to sub-millikelvin temperatures initialises quantum state with high fidelity; BEC demonstrated macroscopic quantum coherence motivating quantum computer design,,SRC_079
DEP_158,BRKTH_080,T3_CON_012,enabled_by,Emission spectroscopy enabled Astrochemistry by establishing that celestial bodies share the same chemical elements as Earth; radio spectroscopy extended this to molecular transitions enabling detection of over 200 interstellar molecules via rotational emission lines,,SRC_075
DEP_159,BRKTH_099,T3_CON_012,enabled_by,"Density functional theory methods enabled Astrochemistry by computing accurate rotational constants, vibrational frequencies, and binding energies for astrochemically relevant molecules; ab initio quantum chemical data underpins spectral assignments and astrochemical network modelling",,SRC_079
