edge_id,from_node,to_node,relation_type,date_start,date_end,date_precision,explanation,pioneers_involved,source_ids,confidence,evidence_type
T3_E_001,T3_MED_001,T3_ANC_001,emerged_from,700,800,century,Islamic alchemy emerged from Ionian/Hellenistic natural philosophy tradition through Syriac intermediary translations of Greek alchemical texts patronised by Khalid ibn Yazid; Aristotelian matter theory provided theoretical framework,"Khalid ibn Yazid, Jabir ibn Hayyan","SRC_033, SRC_036",A,E2
T3_E_002,T3_MED_001,T3_ANC_013,emerged_from,700,800,century,Roman natural history (Pliny) provided encyclopaedic material descriptions and substance classifications that informed early Islamic alchemical compilation alongside Greek philosophical sources,Jabir ibn Hayyan,"SRC_036, SRC_053",A,E2
T3_E_003,T3_MED_002,T3_ANC_005,emerged_from,900,1011,century,"Islamic optics emerged from Alexandrian mathematical sciences (Euclid Optics, Ptolemy Optics, Hero) translated into Arabic in 9th century; geometric foundation for optical theory received from this tradition","Hunayn ibn Ishaq (translator), Ibn al-Haytham","SRC_034, SRC_033",A,E2
T3_E_004,T3_MED_002,T3_ANC_004,emerged_from,900,1011,century,Aristotelian empiricism (Peripatetic natural philosophy) provided the philosophical framework for Ibn al-Haytham's insistence on physical rather than purely geometric optics and the general principle of basing theory on observation,Ibn al-Haytham,"SRC_034, SRC_046",A,E2
T3_E_005,T3_MED_003,T3_ANC_001,emerged_from,800,900,century,Hippocratic medicine (part of Ionian natural inquiry tradition) transmitted through Hunayn ibn Ishaq translations provided clinical foundation for Islamic medical systematisation,"Hunayn ibn Ishaq, Abu Bakr al-Razi","SRC_051, SRC_033",A,E2
T3_E_006,T3_MED_003,T3_ANC_013,emerged_from,800,900,century,Galenic medicine (preserved and compiled in Roman Natural History tradition) transmitted through Hunayn's translations of 129 Galen treatises provided physiological theory for Islamic medical systematisation,"Hunayn ibn Ishaq, Ibn Sina","SRC_051, SRC_033",A,E2
T3_E_007,T3_MED_004,T3_ANC_005,emerged_from,780,830,century,"Islamic mathematical sciences emerged from Alexandrian mathematical sciences (Euclid, Archimedes, Diophantus, Ptolemy) translated into Arabic alongside Indian mathematical traditions to produce algebraic synthesis","Al-Khwarizmi, Thabit ibn Qurra","SRC_035, SRC_038",A,E2
T3_E_008,T3_MED_005,T3_ANC_005,emerged_from,800,870,century,Islamic astronomical observation emerged from Ptolemaic astronomy (Almagest) of Alexandrian mathematical sciences translated by Hunayn's circle in 9th century; Islamic programme critically evaluated and improved Ptolemaic parameters,"Hunayn ibn Ishaq (translator), Al-Battani","SRC_039, SRC_033",A,E2
T3_E_009,T3_MED_006,T3_ANC_004,emerged_from,800,870,century,Islamic falsafa emerged from Peripatetic natural philosophy (Aristotle corpus) accessed through Arabic translations; Al-Kindi first systematically engaged Aristotelian thought in Islamic context,"Al-Kindi, Al-Farabi","SRC_033, SRC_039",A,E2
T3_E_010,T3_MED_007,T3_ANC_007,emerged_from,960,1030,century,Song Dynasty material investigation emerged from Chinese Yin-Yang and Five Phases cosmological tradition which provided the theoretical framework (li-qi) for interpreting natural phenomena,"Shen Kuo, Su Song","SRC_041, SRC_042",A,E2
T3_E_011,T3_MED_007,T3_ANC_008,emerged_from,960,1030,century,Song Dynasty material investigation emerged from Daoist natural observation tradition which established the empirical observational approach to natural phenomena continued and systematised by Song scholars,Shen Kuo,"SRC_041, SRC_042",A,E2
T3_E_012,T3_MED_008,T3_ANC_008,emerged_from,960,1040,century,Chinese technological innovation in gunpowder and related chemistry emerged from Daoist proto-chemical experimentation tradition of the ancient period; immortality elixir searches produced gunpowder as by-product,"Bi Sheng, Shen Kuo",SRC_041,B,E2
T3_E_013,T3_MED_009,T3_ANC_004,emerged_from,1200,1250,century,European scholastic natural philosophy emerged from Peripatetic natural philosophy via Arabic-Latin translations; Aristotelian corpus received with Islamic commentaries through Toledo and Sicily became core university curriculum,"Gerard of Cremona, Albertus Magnus, Thomas Aquinas","SRC_038, SRC_043",A,E2
T3_E_014,T3_MED_009,T3_MED_006,method_imported_from,1150,1250,century,"European scholastic natural philosophy imported its immediate intellectual content from Islamic natural philosophy (falsafa), receiving Aristotle along with Ibn Rushd commentaries that shaped how Aristotle was read in medieval universities","Gerard of Cremona, Dominicus Gundissalinus, Michael Scot","SRC_038, SRC_043",A,E2
T3_E_015,T3_MED_010,T3_MED_002,emerged_from,1150,1220,century,European experimental tradition emerged from Islamic optics and experimental method when Ibn al-Haytham's Book of Optics was translated into Latin as Perspectiva in late 12th century and adopted by Grosseteste and Bacon,"Robert Grosseteste, Roger Bacon","SRC_044, SRC_040",A,E2
T3_E_016,T3_MED_011,T3_MED_001,emerged_from,1150,1250,century,"European practical alchemy emerged from Islamic systematic alchemy through 12th-13th century Latin translations of the Jabirian corpus and Al-Razi works, receiving both practical procedures and theoretical framework","Pseudo-Geber, Albertus Magnus","SRC_036, SRC_038",A,E2
T3_E_017,T3_MED_012,T3_ANC_013,emerged_from,1000,1200,century,"European craft knowledge traditions maintained indirect continuity with Roman practical knowledge traditions through Byzantine and early medieval preservation of material processing techniques in metallurgy, glassmaking, and building",Theophilus Presbyter,"SRC_052, SRC_040",B,E2
T3_E_018,T3_MED_013,T3_ANC_004,emerged_from,400,500,century,Byzantine preservation emerged directly from Peripatetic natural philosophy which Byzantine scholars inherited and maintained through commentary tradition; Aristotelian curriculum preserved in Constantinople,"Paul of Aegina, Leo the Mathematician","SRC_040, SRC_043",B,E2
T3_E_019,T3_MED_013,T3_ANC_013,emerged_from,400,500,century,Byzantine medical tradition directly continued Roman natural history tradition including Galenic medicine; Paul of Aegina's medical compendium synthesised this tradition for Byzantine and later Islamic use,Paul of Aegina,"SRC_051, SRC_040",B,E2
T3_E_020,T3_MED_014,T3_ANC_009,emerged_from,500,700,century,Indian medieval natural philosophy directly continued Vaisesika atomism through sophisticated philosophical development in Navya-Nyaya and Vaisesika schools with Udayana as major 10th-11th century figure,Udayana,SRC_041,B,E2
T3_E_021,T3_MED_014,T3_ANC_010,emerged_from,500,700,century,Indian medieval natural philosophy directly continued Nyaya logic tradition through sustained philosophical development; Navya-Nyaya school developed increasingly formal logical systems,Udayana,SRC_041,B,E2
T3_E_022,T3_EMD_001,T3_MED_002,emerged_from,1600,1700,century,European experimental philosophy built on Islamic optical experimentation and natural science transmitted through Renaissance translations; Ibn al-Haytham's experimental approach was acknowledged model for early modern natural philosophers,"Francis Bacon, William Gilbert","SRC_054, SRC_057",A,E2
T3_E_023,T3_EMD_001,T3_MED_010,emerged_from,1600,1700,century,Experimental philosophy directly continued and institutionalised Roger Bacon's experimental tradition; Royal Society founders cited Grosseteste and Roger Bacon as precursors; fulfilled vision of cooperative experimental inquiry,"Francis Bacon, Robert Boyle, Robert Hooke","SRC_054, SRC_057",A,E2
T3_E_024,T3_EMD_001,T3_MED_009,split_from,1600,1700,century,Experimental philosophy explicitly rejected scholastic reliance on textual authority and Aristotelian deduction; Bacon's Idols critique targeted scholastic reasoning patterns; Royal Society motto Nullius in verba expressed rejection of authority,"Francis Bacon, Galileo Galilei","SRC_054, SRC_057",A,E2
T3_E_025,T3_EMD_002,T3_ANC_003,emerged_from,1630,1700,century,Mechanical philosophy revived Epicurean atomism via Gassendi adapting it to Christianity; Descartes corpuscular matter theory and Boyle's corpuscular chemistry drew on atomist tradition transmitted through classical texts,"Pierre Gassendi, Robert Boyle","SRC_059, SRC_061",A,E2
T3_E_026,T3_EMD_002,T3_MED_009,split_from,1630,1700,century,"Mechanical philosophy explicitly rejected Aristotelian substantial forms, occult qualities, and four elements; Descartes, Boyle, and Gassendi systematically dismantled scholastic matter theory replacing it with matter-in-motion explanations","Rene Descartes, Robert Boyle","SRC_059, SRC_060",A,E2
T3_E_027,T3_EMD_002,T3_EMD_001,emerged_from,1630,1700,century,Mechanical philosophy framework emerged within experimental natural philosophy context; Boyle combined corpuscular theory with experimental demonstrations; mechanical explanations provided theoretical grounding for experimental findings,"Robert Boyle, Pierre Gassendi","SRC_060, SRC_061",A,E2
T3_E_028,T3_EMD_003,T3_MED_004,emerged_from,1687,1800,year,Newton's calculus and analytical mechanics built on algebraic and mathematical tools developed in Islamic mathematical sciences and transmitted through European Renaissance; Leibniz's calculus notation derived from same tradition,"Isaac Newton, Gottfried Leibniz","SRC_062, SRC_063",A,E2
T3_E_029,T3_EMD_003,T3_MED_005,emerged_from,1687,1800,year,Kepler's laws derived from Tycho Brahe's precise observations built on Islamic astronomical measurement tradition; Newton's gravitation synthesised celestial mechanics with terrestrial mechanics using that observational foundation,"Isaac Newton, Johannes Kepler","SRC_062, SRC_063",A,E2
T3_E_030,T3_EMD_003,T3_EMD_002,emerged_from,1687,1800,year,Newtonian mathematical physics provided mathematical formalization of the mechanical philosophy program; Newton's laws of motion completed what Descartes attempted with vortex mechanics but with mathematical precision,Isaac Newton,"SRC_062, SRC_059",A,E2
T3_E_031,T3_EMD_004,T3_MED_001,emerged_from,1756,1800,year,"Pneumatic chemistry grew from alchemical investigation of vapours, gases, and sublimations in Islamic systematic alchemy; distillation and gas production techniques derived from alchemical apparatus tradition","Joseph Black, Stephen Hales","SRC_065, SRC_070",A,E2
T3_E_032,T3_EMD_004,T3_MED_011,emerged_from,1756,1800,year,"European practical alchemy provided distillation apparatus, fermentation vessels, and gas-producing reactions that enabled pneumatic chemists to isolate and study distinct gases systematically","Joseph Priestley, Henry Cavendish","SRC_069, SRC_070",A,E2
T3_E_033,T3_EMD_004,T3_EMD_001,emerged_from,1756,1800,year,"Pneumatic chemistry applied experimental philosophy methods of systematic observation, controlled experimentation, and quantitative measurement to investigation of gaseous substances as distinct chemical entities","Joseph Black, Joseph Priestley","SRC_069, SRC_070",A,E2
T3_E_034,T3_EMD_005,T3_MED_001,split_from,1770,1800,decade,Chemical revolution definitively split from Islamic alchemy by rejecting transmutation goals and Aristotelian elemental theory; Lavoisier's operational element definition replaced alchemical element concepts with experimentally testable criteria,Antoine Lavoisier,"SRC_065, SRC_073",A,E2
T3_E_035,T3_EMD_005,T3_MED_011,split_from,1770,1800,decade,"Chemical revolution split from European practical alchemy by establishing chemistry with quantitative methods, systematic nomenclature, and institutional identity explicitly distinct from alchemical tradition and its transmutation goals","Antoine Lavoisier, Robert Boyle","SRC_065, SRC_074",A,E2
T3_E_036,T3_EMD_005,T3_EMD_004,emerged_from,1770,1800,decade,Chemical revolution emerged directly from pneumatic chemistry discoveries; Lavoisier's reinterpretation of Priestley's oxygen and Black's fixed air provided foundation for oxygen theory of combustion and conservation of mass,"Antoine Lavoisier, Joseph Priestley, Joseph Black","SRC_065, SRC_069",A,E2
T3_E_037,T3_EMD_006,T3_ANC_003,emerged_from,1803,1830,year,Dalton's quantitative atomic theory revived ancient Greek atomism with experimental foundation; atoms now distinguished by measurable weight not merely shape; compounds explained by whole-number atomic ratios giving atomism empirical content,John Dalton,"SRC_067, SRC_066",B,E2
T3_E_038,T3_EMD_006,T3_EMD_005,emerged_from,1803,1830,year,Quantitative atomic theory synthesised modern chemistry's laws of definite and multiple proportions with atomic physical model; Dalton's atoms provided physical explanation for Lavoisier's operational chemistry,"John Dalton, Joseph-Louis Proust","SRC_067, SRC_066",B,E2
T3_E_039,T3_EMD_006,T3_EMD_002,emerged_from,1803,1830,year,"Mechanical corpuscular philosophy provided conceptual ancestor for atomic theory; Dalton's atoms are descendants of Boyle's corpuscles and Gassendi's Christian atoms, made quantitative through chemical measurement",John Dalton,"SRC_067, SRC_061",B,E2
T3_E_040,T3_EMD_007,T3_MED_002,emerged_from,1600,1800,century,"Early modern optics built directly on Islamic optical mathematics of Ibn al-Haytham; Kepler, Descartes, and Newton explicitly acknowledged and extended intromission theory and geometrical optics from Islamic tradition","Johannes Kepler, Isaac Newton","SRC_055, SRC_056",A,E2
T3_E_041,T3_EMD_007,T3_MED_010,emerged_from,1600,1800,century,"European experimental optics continued Roger Bacon's tradition of optical experimentation including rainbow analysis, lens studies, and geometrical optics transmitted through medieval European experimental tradition","Isaac Newton, Robert Hooke","SRC_055, SRC_056",B,E2
T3_E_042,T3_EMD_007,T3_EMD_001,emerged_from,1600,1800,century,"Optics as early modern discipline developed within experimental philosophy framework; instrument development (telescope, microscope) combined with mathematical analysis exemplifying experimental-mathematical method","Galileo Galilei, Christiaan Huygens","SRC_055, SRC_071",A,E2
T3_E_043,T3_EMD_008,T3_MED_009,emerged_from,1600,1800,year,Electrical and magnetic phenomena first systematically discussed within scholastic natural philosophy framework as problems of natural philosophy requiring causal explanation beyond common knowledge,William Gilbert,"SRC_055, SRC_056",B,E2
T3_E_044,T3_EMD_008,T3_EMD_001,emerged_from,1600,1800,year,Electricity studies developed as branch of experimental philosophy; Gilbert's De Magnete established experimental investigation of magnetic and electrical phenomena as model for experimental natural philosophy,"William Gilbert, Benjamin Franklin","SRC_055, SRC_056",A,E2
T3_E_045,T3_EMD_009,T3_ANC_013,emerged_from,1650,1800,century,"Early modern systematic natural history continued and vastly expanded classical natural history of Aristotle, Theophrastus, and Pliny; global exploration added thousands of new species requiring systematic organisation","Carl Linnaeus, Georges-Louis Leclerc Buffon","SRC_055, SRC_056",A,E2
T3_E_046,T3_EMD_009,T3_MED_013,emerged_from,1650,1800,century,Early modern natural history built on Byzantine preservation and commentary of classical natural history texts; Pliny's Natural History and Dioscorides transmitted through Byzantine channels and Renaissance editions,Carl Linnaeus,SRC_055,B,E2
T3_E_047,T3_EMD_010,T3_MED_005,emerged_from,1543,1800,year,Early modern astronomy built directly on Islamic precise astronomical observation tradition; Copernicus used Islamic planetary data; Tycho Brahe extended Islamic precision measurement program; possible Maragha school influence on Copernican geometric devices debated,"Nicolaus Copernicus, Tycho Brahe","SRC_055, SRC_062",A,E2
T3_E_048,T3_EMD_010,T3_MED_009,emerged_from,1543,1800,year,Astronomical questions about cosmological structure were posed within scholastic natural philosophy framework; Copernicus's reform addressed scholastic issues about planetary theory and uniform circular motion,"Nicolaus Copernicus, Johannes Kepler",SRC_055,B,E2
T3_E_049,T3_EMD_010,T3_ANC_005,emerged_from,1543,1800,year,Early modern astronomy continued and revolutionised Alexandrian mathematical astronomy; Ptolemaic system was starting point Copernicus reformed; same mathematical tools used by Hipparchus and Ptolemy underlay heliocentric calculations,Nicolaus Copernicus,"SRC_055, SRC_062",A,E2
T3_E_050,T3_EMD_011,T3_MED_003,emerged_from,1543,1800,year,Early modern anatomy and physiology emerged from Islamic medical systematization correcting Galenic anatomy through human dissection; Vesalius explicitly used Galen as foil and starting point for systematic correction,"Andreas Vesalius, William Harvey","SRC_055, SRC_056",A,E2
T3_E_051,T3_EMD_011,T3_ANC_013,emerged_from,1543,1800,year,Anatomy and physiology continued classical natural history tradition of systematic investigation of living bodies; Aristotelian biology and Galenic anatomy were foundations corrected by Vesalius and Harvey through observation,Andreas Vesalius,SRC_055,A,E2
T3_E_052,T3_EMD_011,T3_EMD_001,emerged_from,1543,1800,year,Experimental physiology (Harvey's circulation) applied experimental philosophy methods of quantitative argument and systematic observation to physiological investigation; microscopy extended anatomy to cellular level,"William Harvey, Marcello Malpighi","SRC_055, SRC_058",A,E2
T3_E_053,T3_EMD_012,T3_MED_012,emerged_from,1600,1800,century,"European scientific instrument-making built on medieval craft knowledge of glassblowing, metalworking, and precision manufacture accumulated in guilds and workshops across Germany, Netherlands, and England","Galileo Galilei, Christiaan Huygens","SRC_071, SRC_055",A,E2
T3_E_054,T3_EMD_012,T3_MED_008,emerged_from,1600,1800,century,European instrument-making incorporated mechanical principles from Chinese technological innovation; mechanical clock escapements and precision astronomical instrument design built on Chinese technological achievements transmitted through trade routes,Christiaan Huygens,SRC_071,B,E2
T3_E_055,T3_EMD_012,T3_EMD_001,emerged_from,1600,1800,century,Scientific instrument-making developed as integral part of experimental philosophy; natural philosophers and instrument-makers collaborated with Royal Society and academies providing institutional support and demand for precision apparatus,"Robert Hooke, Robert Boyle","SRC_071, SRC_054",A,E2
T3_E_056,T3_EMD_013,T3_MED_009,emerged_from,1660,1800,year,Scientific societies emerged from university intellectual culture of scholastic natural philosophy; Royal Society founding members were largely university-trained; societies provided alternative institutional framework complementing universities,"Robert Boyle, Robert Hooke, Edmond Halley","SRC_054, SRC_055",A,E2
T3_E_057,T3_EMD_013,T3_MED_013,emerged_from,1660,1800,year,Scientific societies built on Byzantine encyclopaedic tradition of systematic knowledge compilation and commentary; learned academies had intellectual precedents in Byzantine and Islamic scholarly networks and correspondence traditions,Gottfried Leibniz,SRC_055,B,E2
T3_E_058,T3_EMD_014,T3_MED_012,emerged_from,1500,1800,century,"Metallurgical science grew from medieval European craft knowledge traditions of smelting, assaying, and ore processing accumulated in mining regions of Saxony, Bohemia, and Scandinavia over centuries",Georgius Agricola,"SRC_055, SRC_060",B,E2
T3_E_059,T3_EMD_014,T3_MED_001,emerged_from,1500,1800,century,"Metallurgical science incorporated chemical knowledge from Islamic systematic alchemy; mineral acids, distillation techniques, and metal transformation knowledge from alchemical tradition informed early metallurgical theorising","Georgius Agricola, Lazarus Ercker","SRC_055, SRC_060",B,E2
T3_E_060,T3_EMD_015,T3_MED_008,emerged_from,1500,1700,century,Ballistics developed in context of Chinese-origin gunpowder weapons technology; problem of cannon ball trajectories drove mathematical mechanics of projectile motion and launched engineering mechanics as discipline,Galileo Galilei,"SRC_058, SRC_055",A,E2
T3_E_061,T3_EMD_015,T3_MED_012,emerged_from,1500,1700,century,"Engineering mechanics built on European craft knowledge of construction, military engineering, and mechanical devices; practical knowledge of forces and structures in medieval guilds informed theoretical mechanical analysis",Simon Stevin,SRC_055,B,E2
T3_E_062,T3_EMD_015,T3_MED_009,emerged_from,1500,1700,century,Mathematical analysis of motion and force drew on natural philosophy framework of scholastic impetus theory; Galileo's mechanics rejected but explicitly grew from scholastic analysis of motion and acceleration,Galileo Galilei,"SRC_058, SRC_055",A,E2
T3_E_063,T3_EMD_016,T3_MED_007,emerged_from,1650,1800,century,"Early European earth sciences built on Song Dynasty tradition of material investigation including mineral classification, fossil recognition, and systematic study of natural substances that informed European natural history",Nicolaus Steno,SRC_055,B,E2
T3_E_064,T3_EMD_016,T3_MED_012,emerged_from,1650,1800,century,"Geological and mineralogical science grew from European craft knowledge of mining; miners empirical knowledge of rock strata, ore deposits, and mineral properties provided observational foundation for systematic scientific geology","James Hutton, Nicolaus Steno","SRC_055, SRC_066",A,E2
T3_E_065,T3_MOD_001,T3_EMD_005,split_from,1828,1865,year,Organic chemistry split from unified chemistry (Lavoisier tradition) following Wöhler urea synthesis (1828) defeating vitalism and Kekulé structure theory (1858-1865). German dye industry accelerated institutionalization.,"Friedrich Wöhler, Justus von Liebig, August Kekulé","SRC_085, SRC_076",A,E4
T3_E_066,T3_MOD_002,T3_EMD_005,split_from,1840,1900,decade,"Analytical chemistry consolidated as service specialty within chemistry from 1840s, driven by Fresenius systematic analysis methods, spectroscopy (1860), and increasing need for quantitative characterization.","Carl Remigius Fresenius, Gustav Kirchhoff, Robert Bunsen",SRC_076,A,E4
T3_E_067,T3_MOD_003,T3_EMD_005,split_from,1860,1900,decade,"Inorganic chemistry emerged as residual category after organic chemistry split (c.1860s); unified by periodic table (1869) and coordination chemistry (Werner, 1890s-1913) providing theoretical coherence.","Dmitri Mendeleev, Alfred Werner",SRC_076,A,E4
T3_E_068,T3_MOD_004,T3_EMD_005,merged_with,1887,1910,year,"Physical chemistry emerged from the merge of chemistry (EMD_005 tradition) with thermodynamics. Ostwald, Van't Hoff, Arrhenius applied physics methods to chemical problems; journal ZfPC (1887) institutionalized the merge.","Wilhelm Ostwald, Jacobus van't Hoff, Svante Arrhenius",SRC_075,A,E4
T3_E_069,T3_MOD_004,T3_MOD_005,merged_with,1876,1910,year,"Physical chemistry incorporated thermodynamics (MOD_005) as its theoretical physics component. Gibbs free energy, entropy, and phase equilibrium from thermodynamics became central to physical chemistry.","J. Willard Gibbs, Walther Nernst, Gilbert N. Lewis",SRC_075,A,E4
T3_E_070,T3_MOD_005,T3_EMD_003,emerged_from,1824,1865,year,"Thermodynamics emerged from mathematical physics (Newtonian mechanics tradition, EMD_003) applied to heat engines and heat phenomena. Carnot (1824), Clausius (1850-1865), Kelvin established thermodynamics as physics specialty.","Sadi Carnot, Rudolf Clausius, William Thomson (Lord Kelvin)",SRC_081,A,E4
T3_E_071,T3_MOD_006,T3_EMD_008,emerged_from,1820,1887,decade,Electromagnetism emerged from and unified the prior electricity and magnetism studies (EMD_008) through Maxwell's equations (1864-1873) and Hertz's experimental confirmation (1887).,"Michael Faraday, James Clerk Maxwell, Heinrich Hertz",SRC_083,A,E4
T3_E_072,T3_MOD_007,T3_EMD_007,emerged_from,1859,1890,decade,Modern optics and spectroscopy emerged from classical optics (EMD_007) with addition of spectroscopic methods (Kirchhoff-Bunsen 1860) and precision interferometry (Michelson 1880s). EM theory provided wave basis.,"Gustav Kirchhoff, Robert Bunsen, Albert A. Michelson",SRC_083,A,E4
T3_E_073,T3_MOD_008,T3_EMD_003,emerged_from,1895,1920,year,"Atomic and nuclear physics emerged from mathematical physics tradition (EMD_003) applied to atomic structure. X-ray discovery (1895), radioactivity (1896-1898), electron (1897), nuclear model (1911) founded the field.","J.J. Thomson, Ernest Rutherford, Marie Curie",SRC_079,A,E4
T3_E_074,T3_MOD_008,T3_MOD_006,method_imported_from,1895,1920,decade,"Atomic physics imported spectroscopic methods from electromagnetism (MOD_006): cathode ray tube, X-ray generation, Zeeman effect, spectral lines. EM provided both experimental tools and theoretical framework for atomic radiation.","J.J. Thomson, Pieter Zeeman, Hendrik Lorentz",SRC_079,A,E3
T3_E_075,T3_MOD_009,T3_MOD_008,emerged_from,1900,1927,decade,Quantum mechanics emerged from and transformed atomic physics (MOD_008). Spectral line data demanded quantum explanation; Bohr model (1913) applied quantization to atoms; Heisenberg-Schrödinger quantum mechanics (1925-1926) completed the revolution.,"Max Planck, Albert Einstein, Niels Bohr, Werner Heisenberg, Erwin Schrödinger",SRC_078,A,E4
T3_E_076,T3_MOD_009,T3_MOD_005,method_imported_from,1900,1930,decade,"Quantum mechanics imported statistical mechanics methods (MOD_005) for probabilistic interpretation. Boltzmann statistical approach informed Born's probabilistic wave function interpretation (1926); quantum statistics (Bose-Einstein 1924, Fermi-Dirac 1926) extended statistical mechanics.","Max Born, Albert Einstein, Enrico Fermi",SRC_078,A,E3
T3_E_077,T3_MOD_010,T3_MOD_006,emerged_from,1905,1915,year,Special relativity (1905) emerged directly from inconsistency between electromagnetic theory (MOD_006 requiring constant c) and Newtonian mechanics. Michelson-Morley null ether result plus Maxwell's equations forced relativistic framework. General relativity (1915) extended this.,"Albert Einstein, Hendrik Lorentz, Henri Poincaré",SRC_079,A,E4
T3_E_078,T3_MOD_011,T3_MOD_005,merged_with,1860,1902,decade,Statistical mechanics merged thermodynamics (MOD_005) with atomic theory. Boltzmann showed entropy is statistical; Gibbs systematized (1902). Thermodynamics remains macroscopic component; statistical mechanics provides microscopic derivation.,"Ludwig Boltzmann, J. Willard Gibbs",SRC_081,A,E4
T3_E_079,T3_MOD_011,T3_EMD_006,merged_with,1860,1912,decade,"Statistical mechanics merged atomic theory (EMD_006, Dalton tradition) with thermodynamics. Boltzmann's S=klogW required atoms to count microstates. Perrin's Brownian motion experiments (1908-1912) confirmed atomism and validated statistical mechanics.","Ludwig Boltzmann, Jean Perrin",SRC_082,A,E4
T3_E_080,T3_MOD_004,T3_MOD_011,method_imported_from,1900,1940,decade,"Physical chemistry imported statistical mechanics methods after Gibbs's systematization (1902): partition functions, chemical equilibrium from Boltzmann factors, Debye-Hückel theory of electrolytes. Physical chemistry increasingly used statistical mechanical framework.","Peter Debye, Walther Nernst, Gilbert N. Lewis",SRC_075,B,E3
T3_E_081,T3_CON_001,T3_MOD_009,emerged_from,1928,1949,decade,Quantum field theory emerged from quantum mechanics (MOD_009) extended to relativistic regime. Dirac equation (1928) initiated QFT; renormalization crisis resolved by Feynman-Schwinger-Tomonaga QED (1946-1949). Field quantization generalizes quantum mechanics.,"Paul Dirac, Richard Feynman, Julian Schwinger, Sin-Itiro Tomonaga, Freeman Dyson",SRC_099,A,E4
T3_E_082,T3_CON_001,T3_MOD_010,merged_with,1928,1974,decade,QFT is the merge of quantum mechanics with special relativity. Dirac equation (1928) combined them; QED (1946-1949) was their fully consistent quantum field theoretic treatment. Standard Model completion (1974) required relativistic gauge theories.,"Paul Dirac, Richard Feynman, Steven Weinberg",SRC_099,A,E4
T3_E_083,T3_CON_002,T3_MOD_009,emerged_from,1947,1970,decade,Condensed matter physics emerged from quantum mechanics applied to many-body systems. Transistor (1947) demonstrated quantum mechanics of semiconductors; BCS theory (1957) applied quantum many-body theory to superconductivity; condensed matter renamed from solid state physics ~1978.,"John Bardeen, Philip Anderson, Leon Cooper, John Robert Schrieffer",SRC_091,A,E4
T3_E_084,T3_CON_002,T3_MOD_011,method_imported_from,1947,1980,decade,"Condensed matter physics imported statistical mechanics methods (MOD_011) for phase transitions, many-body systems, and collective phenomena. Renormalization group (Wilson 1971-1974) united QFT methods with statistical mechanics in condensed matter context.","Kenneth Wilson, Leo Kadanoff, Philip Anderson",SRC_091,A,E3
T3_E_085,T3_CON_003,T3_CON_002,merged_with,1960,1980,decade,"Materials science merged condensed matter physics (CON_002) as primary physics component. ARPA IDL program (1960) brought physicists, chemists, metallurgists together; quantum mechanics of defects, band theory of semiconductors from CMP.","Morris Cohen, Philip Anderson, Nevill Mott",SRC_101,A,E4
T3_E_086,T3_CON_003,T3_MOD_004,merged_with,1960,1980,decade,"Materials science merged physical chemistry (MOD_004) as chemistry component. Thermodynamics of phase equilibria, reaction kinetics, electrochemistry of corrosion all from physical chemistry tradition.","Cyril Stanley Smith, Morris Cohen",SRC_101,A,E4
T3_E_087,T3_CON_004,T3_MOD_009,emerged_from,1930,1966,decade,Quantum chemistry emerged from applying quantum mechanics (MOD_009) to chemical systems. Heitler-London H2 bond (1927) initiated; Mulliken MO theory (1928-); Kohn-Sham DFT (1965) made it computationally practical; Nobel 1966 (Mulliken) confirmed maturation.,"Robert S. Mulliken, Walter Kohn, John Pople",SRC_098,A,E4
T3_E_088,T3_CON_004,T3_MOD_001,problem_domain_shared_with,1950,2025,decade,"Computational chemistry shares problem domain with organic chemistry (MOD_001) — molecular structure, reaction mechanisms, drug design. Kohn-Sham DFT and Pople's GAUSSIAN software made QM calculations routine for organic molecules.","John Pople, Axel Becke, Walter Kohn",SRC_098,A,E3
T3_E_089,T3_CON_004,T3_MOD_004,method_imported_from,1950,1998,decade,"Quantum chemistry imported physical chemistry methods (MOD_004): thermochemistry for bond energies, kinetics for reaction rates, electrochemistry for redox. DFT extended thermodynamic functionals; Nobel 1998 recognized computational chemistry as physical chemistry subspecialty.","Walter Kohn, Gerhard Ertl, Martin Karplus",SRC_097,A,E3
T3_E_090,T3_CON_005,T3_MOD_004,emerged_from,1960,1981,decade,Surface science emerged from physical chemistry (MOD_004) applied to surfaces. Langmuir isotherm (1916-1932 Nobel) was early surface chemistry; UHV technology (1960s) enabled clean surface experiments; Surface Science journal (1964) institutionalized.,"Irving Langmuir, Gerhard Ertl",SRC_098,A,E4
T3_E_091,T3_CON_005,T3_CON_002,method_imported_from,1960,1990,decade,"Surface science imported condensed matter physics (CON_002) methods for electronic structure of surfaces: band theory, phonon spectra at surfaces, LEED theory. Binnig-Rohrer STM (1981) applied quantum tunneling from CMP to surface imaging.","Gerd Binnig, Heinrich Rohrer, Kai Siegbahn",SRC_095,A,E3
T3_E_092,T3_CON_006,T3_CON_002,emerged_from,1981,2000,decade,"Nanotechnology emerged from condensed matter physics (CON_002) quantum size effects — at nanoscale, discrete energy levels and quantum confinement dominate. CMP provided quantum dot theory, size-dependent band gaps, quantum confinement effects.","Gerd Binnig, Andre Geim, Sumio Iijima",SRC_095,A,E4
T3_E_093,T3_CON_006,T3_CON_005,method_imported_from,1981,2000,decade,"Nanotechnology imported surface science (CON_005) methods: STM and AFM for imaging and manipulation, UHV for clean nanofabrication, surface functionalization chemistry. Surface science's atomic-scale toolkit became nanotechnology's primary instrumentation.","Don Eigler, Gerd Binnig, Heinrich Rohrer",SRC_095,A,E3
T3_E_094,T3_CON_006,T3_CON_003,method_imported_from,1985,2010,decade,"Nanotechnology imported materials science (CON_003) processing and characterization methods: electron microscopy, X-ray diffraction for nanomaterial structure, thin film deposition, lithography for nanostructure fabrication.","Richard Smalley, Morris Cohen",SRC_095,B,E3
T3_E_095,T3_CON_007,T3_CON_002,split_from,1947,1970,decade,Semiconductor physics split as specialized applied subfield from condensed matter physics (CON_002). Transistor (1947) drove specialization; Silicon Valley semiconductor industry created distinct commercial focus; IEEE and SIA institutionalized separation from academic CMP.,"John Bardeen, William Shockley, Jack Kilby",SRC_093,A,E4
T3_E_096,T3_CON_008,T3_MOD_001,emerged_from,1920,1953,decade,Polymer science emerged from organic chemistry (MOD_001). Staudinger (1920) proposed macromolecule concept; polymer synthesis is organic chemistry. Flory's theoretical polymer physics came later (1940s-1970s) connecting to physical chemistry.,"Hermann Staudinger, Paul Flory, Wallace Carothers",SRC_094,A,E4
T3_E_097,T3_CON_008,T3_MOD_004,method_imported_from,1940,1980,decade,"Polymer science imported physical chemistry (MOD_004) methods for thermodynamics of solutions (Flory-Huggins theory imports Gibbs free energy formalism), kinetics of polymerization, and rheology/viscometry.","Paul Flory, Pierre-Gilles de Gennes",SRC_094,A,E3
T3_E_098,T3_CON_009,T3_CON_004,method_imported_from,1977,2013,decade,"Structural biology (CON_009) imported computational chemistry methods (CON_004): molecular dynamics simulations (Karplus 1977) of proteins; force fields (CHARMM, AMBER); QM/MM for enzyme active site calculations; DFT for metalloenzyme electronic structure.","Martin Karplus, Michael Levitt, Arieh Warshel",SRC_098,A,E4
T3_E_099,T3_CON_009,T3_MOD_004,emerged_from,1950,1970,decade,Biochemistry (Trunk 3 component) emerged from physical chemistry (MOD_004) methods applied to biological molecules. Protein X-ray crystallography (Perutz-Kendrew 1957-1960) extended physical chemistry structural methods; biophysical chemistry became distinct identity.,"Max Perutz, John Kendrew, Linus Pauling",SRC_098,B,E3
T3_E_100,T3_CON_010,T3_CON_002,split_from,2004,2020,decade,"2D/topological materials split from condensed matter physics (CON_002) as distinct subfield. Graphene isolation (2004), topological insulator experiments (2007+), magic-angle graphene (2018) created dedicated research community, journal (2D Materials, 2014), and EU flagship program.","Andre Geim, Konstantin Novoselov, David Thouless, Duncan Haldane",SRC_093,A,E4
T3_E_101,T3_CON_011,T3_MOD_009,emerged_from,1980,2000,decade,Quantum computing emerged from quantum mechanics (MOD_009) extended to information processing. Feynman's concept (1982) that quantum systems should simulate quantum systems; Shor's algorithm (1994) demonstrated exponential speedup; Nielsen-Chuang textbook (2000) matured field.,"Peter Shor, John Preskill, David Wineland",SRC_103,A,E4
T3_E_102,T3_CON_011,T3_CON_002,method_imported_from,1999,2025,decade,"Quantum computing hardware imported condensed matter physics (CON_002) phenomena: superconducting Josephson junction qubits (BCS superconductivity, Josephson effect); topological qubits from topological insulators; quantum Hall states for anyonic computation.","John Bardeen, Brian Josephson, David Wineland",SRC_104,A,E3
T3_E_103,T3_CON_012,T3_MOD_004,emerged_from,1960,1980,decade,"Astrochemistry emerged from physical chemistry (MOD_004) applied to extreme conditions. Low-temperature and low-density reaction kinetics, spectroscopic identification of interstellar molecules, and thermochemistry of high-pressure phases all derive from physical chemistry tradition.","William Klemperer, Neil Bartlett",SRC_097,B,E3
