contribution_id,pioneer_id,node_id,contribution_type,specific_contribution,key_work,date,impact_level,source_ids
CONTR_001,PION_001,T3_ANC_001,foundational_idea,Proposed water as the single material archē underlying all natural phenomena and rejected mythological causation in favour of natural explanation (c. 585 BCE),Testimonia (no surviving text),c. -585,foundational,"SRC_001, SRC_002"
CONTR_002,PION_002,T3_ANC_001,foundational_idea,"Proposed the apeiron (unlimited, indefinite principle) as the cosmic archē; developed a geometric cosmological model with Earth floating unsupported; described life as arising from moisture by natural processes",On Nature (fragments),c. -570,foundational,"SRC_001, SRC_002"
CONTR_003,PION_003,T3_ANC_001,foundational_idea,Proposed air as the fundamental substance and explained all natural change through condensation and rarefaction — the first mechanistic account of material phase transformation,On Nature (fragments),c. -545,significant,"SRC_001, SRC_002"
CONTR_004,PION_004,T3_ANC_001,foundational_idea,Proposed fire as the cosmic principle and logos (rational measure) governing perpetual change; argued that apparent opposites are unified under a single rational principle,On Nature (fragments),c. -500,significant,"SRC_001, SRC_002"
CONTR_005,PION_010,T3_ANC_001,methodological_innovation,Developed systematic observational medicine based on natural causes of disease; established prognosis through case-history recording; separated medical practice from religious and ritual explanation,Hippocratic Corpus (On the Sacred Disease; Epidemics I),c. -420,major,SRC_006
CONTR_006,PION_005,T3_ANC_002,critique,Demonstrated through formal logical argument that any coherent account of natural change must explain how Being can arise from or become other; his challenge made pluralist and atomist solutions necessary,On Nature (Way of Truth),c. -480,major,"SRC_001, SRC_002"
CONTR_007,PION_006,T3_ANC_002,methodological_innovation,"Proposed four permanent elements (earth, water, air, fire) driven by cosmic forces of Love and Strife; investigated respiration, blood, and perception in mechanistic terms","On Nature (fragments, DK 31)",c. -460,major,"SRC_001, SRC_002"
CONTR_008,PION_007,T3_ANC_002,critique,Proposed infinite seeds (spermata) with Nous (Mind) as the initiating and organising principle; applied natural explanation to cometary and lunar phenomena; brought the tradition to Athens,"On Nature (fragments, DK 59)",c. -460,foundational,"SRC_001, SRC_002"
CONTR_009,PION_008,T3_ANC_003,foundational_idea,"Originated atomic theory positing indivisible, indestructible atoms moving in void space; established void as an ontological necessity for motion; proposed mechanistic causation without teleology",The Great World-System (attributed; lost),c. -440,major,"SRC_031, SRC_010"
CONTR_010,PION_009,T3_ANC_003,foundational_idea,"Systematised atomic theory explaining all sensory qualities (colour, taste, temperature) as conventional results of atomic shape, arrangement, and position; extended atomism to cosmology, psychology, and mathematics",The Great World-System (DK 68A37),c. -420,major,"SRC_031, SRC_002"
CONTR_011,PION_011,T3_ANC_003,foundational_idea,Developed geometrical atomism in Timaeus using regular polyhedra (Platonic solids) as elemental shapes; integrated mathematical form with material constitution as an alternative to Democritean atomism,Timaeus,c. -360,significant,SRC_031
CONTR_012,PION_012,T3_ANC_004,synthesis,"Developed comprehensive natural philosophy covering motion, change, place, and time (Physics); classified 500+ animal species through direct observation (Historia Animalium); established Lyceum as institutional base for natural investigation",Physics; Historia Animalium,c. -340,foundational,"SRC_006, SRC_023, SRC_024"
CONTR_013,PION_013,T3_ANC_004,synthesis,"Succeeded Aristotle; produced foundational systematic botany (Historia Plantarum, classifying ~500 species); investigated mineralogy (De Lapidibus); extended Peripatetic empirical method to the plant kingdom",Historia Plantarum (Enquiry into Plants),c. -310,major,SRC_006
CONTR_014,PION_014,T3_ANC_005,mathematical_formulation,Compiled and systematised plane and solid geometry in Elements using axiomatic deduction from five postulates and common notions; produced Optics applying geometry to vision; each theorem derived through strict proof,Elements (Stoicheia),c. -300,major,"SRC_016, SRC_025"
CONTR_015,PION_015,T3_ANC_005,mathematical_formulation,Established buoyancy principle and lever law with rigorous mathematical proof; calculated π; developed the method of exhaustion (proto-integration); designed and built mechanical devices including compound pulleys,On Floating Bodies; Measurement of a Circle,c. -250,foundational,"SRC_015, SRC_026"
CONTR_016,PION_016,T3_ANC_005,methodological_innovation,"Calculated Earth's circumference to approximately 40,000 km using noon shadow angles at Alexandria and Syene at summer solstice; created early star catalog and developed systematic mathematical geography",On the Measurement of the Earth (lost; described by Cleomedes),c. -240,major,SRC_015
CONTR_017,PION_017,T3_ANC_005,foundational_idea,Proposed heliocentric cosmology with Earth orbiting the Sun annually and rotating daily; attempted geometric measurement of relative distances to Moon and Sun; established that the Sun must be much larger than Earth,On the Sizes and Distances of the Sun and Moon,c. -270,foundational,SRC_015
CONTR_018,PION_018,T3_ANC_005,mathematical_formulation,"Developed comprehensive treatment of conic sections (ellipse, parabola, hyperbola) as geometric objects; introduced epicycle-deferent model for planetary motion that became the framework for quantitative ancient astronomy",Conics (Konika),c. -220,foundational,SRC_016
CONTR_019,PION_019,T3_ANC_005,methodological_innovation,Created the first comprehensive quantitative star catalog (850+ stars); discovered precession of the equinoxes by comparing his observations with Timocharis's; calculated the length of the lunar month to within one second,Star catalog (preserved in Ptolemy's Almagest),c. -130,major,"SRC_015, SRC_016"
CONTR_020,PION_020,T3_ANC_006,foundational_idea,"Established the Mohist school; developed precise logical definitions of space (including all locations), time (including all periods), force, motion, and stillness; argued for utility as the criterion for valid knowledge",Mozi — Canons A and B,c. -430,major,"SRC_011, SRC_027"
CONTR_021,PION_021,T3_ANC_006,methodological_innovation,"Documented optical phenomena including pinhole (aperture) imaging, light propagation, reflection from plane and curved mirrors, and image position for concave mirrors; provided geometric analysis of each phenomenon","Mozi — Canons A and B, Explanations",c. -320,major,"SRC_011, SRC_027"
CONTR_022,PION_024,T3_ANC_006,critique,"Developed ten paradoxes examining spatial continuity, temporal change, and infinite divisibility; argued for relational unity of the universe; sharpened conceptual analysis of physical concepts",Ten Theses (transmitted in Zhuangzi ch. 33),c. -340,significant,SRC_008
CONTR_023,PION_025,T3_ANC_006,foundational_idea,Developed logical analysis of universals and particulars (White Horse Paradox; Hardness-of-White discourse); argued for permanence of qualities independent of linguistic description,Gongsun Longzi — Bai Ma Lun (White Horse Discourse),c. -280,significant,SRC_008
CONTR_024,PION_022,T3_ANC_007,synthesis,Systematised yin-yang cosmology with the Five Phases (wuxing) conquest and production cycles; applied the framework to historical change and natural phenomena; taught and synthesised at the Jixia Academy,Works of Zou Yan (lost; reconstructed from Shiji),c. -270,major,"SRC_003, SRC_008"
CONTR_025,PION_023,T3_ANC_007,synthesis,Developed naturalistic understanding of Heaven (tian) as operating by regular patterns independent of human virtue; distinguished natural order from social and moral order; critiqued omen-divination as superstition,Xunzi — chapter 17 (On Heaven),c. -260,significant,"SRC_008, SRC_017"
CONTR_026,PION_026,T3_ANC_007,foundational_idea,Advanced systematic medical diagnostics using pulse examination and case-history recording; distinguished disease states through differential observation; integrated medical practice with yin-yang explanatory framework,Case histories in Shiji biography,c. -360,significant,SRC_008
CONTR_027,PION_028,T3_ANC_007,foundational_idea,Constructed improved water-powered armillary sphere (c. 117 CE) driven by clepsydra for continuous synchronised celestial observation; invented seismoscope capable of indicating earthquake direction; advanced systematic star cataloguing,Ling Xian (Spiritual Constitution of the Universe),c. 117,foundational,SRC_003
CONTR_028,PION_027,T3_ANC_008,mathematical_formulation,Developed philosophical framework for naturalistic observation emphasising spontaneous process (ziran) and transformation; argued that natural patterns are best understood by following rather than imposing; provided conceptual foundation for Daoist engagement with natural investigation,Zhuangzi — Inner Chapters,c. -320,significant,"SRC_003, SRC_008"
CONTR_029,PION_029,T3_ANC_009,mathematical_formulation,"Composed Vaiśeṣika Sūtra establishing six ontological categories and element-specific atomic theory: ultimate atoms (paramāṇu) of earth, water, fire, and air as the irreducible constituents of matter",Vaiśeṣika Sūtra,c. -200,major,"SRC_004, SRC_014, SRC_028"
CONTR_030,PION_031,T3_ANC_009,methodological_innovation,"Wrote Padārthadharmasaṅgraha elaborating atomic combination: atoms join as dyads (dvyanuka) which combine as triads (tryanuka), the first perceptible aggregates; systematised Vaiśeṣika categories for all later commentators",Padārthadharmasaṅgraha,c. 550,significant,SRC_004
CONTR_031,PION_030,T3_ANC_010,foundational_idea,"Composed Nyāya Sūtra establishing four valid means of knowledge (pramāṇas): perception, inference, comparison, testimony; developed formal rules of debate and syllogistic inference applicable to natural investigation",Nyāya Sūtra,c. -200,significant,SRC_009
CONTR_032,PION_032,T3_ANC_011,mathematical_formulation,First systematically developed Buddhist material atomism within the Sarvāstivāda Abhidharma tradition; distinguished Buddhist momentary atoms from Vaiśeṣika permanent element-specific atoms by integrating temporal atomism,Abhidharma treatises (specific title uncertain),c. 200,major,SRC_005
CONTR_033,PION_033,T3_ANC_011,methodological_innovation,Composed Abhidharmakośabhāṣya presenting the most comprehensive Buddhist account of atomism; later critiqued naïve atomism in Viṃśatikā by demonstrating that atoms cannot genuinely combine without mechanism,Abhidharmakośabhāṣya,c. 440,foundational,"SRC_005, SRC_013"
CONTR_034,PION_034,T3_ANC_011,foundational_idea,Developed Sarvāstivāda realist atomism as a counter to Vasubandhu's idealist critique; analysed the relationship between atoms and aggregates; defended permanence of atomic reality in Nyāyānusāra,Nyāyānusāra (Accord with Correct Principle),c. 450,foundational,SRC_005
CONTR_035,PION_035,T3_ANC_011,methodological_innovation,Systematised Buddhist epistemology in Pramāṇavārttika showing how perception of atomic particulars (svalakṣaṇa) grounds valid knowledge; provided epistemological foundation for Buddhist natural claims,Pramāṇavārttika,c. 640,significant,SRC_031
CONTR_036,PION_036,T3_ANC_012,critique,Composed Tattvārtha Sūtra establishing canonical Jaina atomism: homogenous pudgala matter composed of indivisible paramāṇu atoms forming aggregates through fusion and fission; integrated atomic theory with Jaina karma doctrine,"Tattvārtha Sūtra (sūtras 5.11, 5.25)",c. 300,significant,"SRC_004, SRC_019, SRC_031"
CONTR_037,PION_037,T3_ANC_013,methodological_innovation,Composed Rerum Rusticarum systematically covering agriculture and animal husbandry; transmitted Greek natural learning into Latin through Disciplinae and other encyclopedic works; established the Latin encyclopedic tradition,Rerum Rusticarum,c. -37,major,SRC_012
CONTR_038,PION_038,T3_ANC_013,instrumental_advance,"Composed De Rerum Natura in six books expounding Epicurean atomism in Latin hexameter verse; preserved Greek atomic theory in Latin form; the manuscript was rediscovered by Poggio Bracciolini in 1417, catalysing Renaissance materialism",De Rerum Natura,c. -58,major,"SRC_029, SRC_031"
CONTR_039,PION_039,T3_ANC_013,foundational_idea,"Compiled 37-volume Naturalis Historia covering astronomy, geography, zoology, botany, mineralogy, and medicine from over 2000 sources; preserved accounts of lost Greek works; standard reference for natural knowledge for centuries",Naturalis Historia,77,major,"SRC_012, SRC_030"
CONTR_040,PION_040,T3_ANC_013,foundational_idea,"Systematised medical anatomy and humoral theory through extensive anatomical investigation on animals; demonstrated functions of nerves, spinal cord, and organs; wrote comprehensive medical corpus integrating Hippocratic and Platonic medicine",On Anatomical Procedures; On the Natural Faculties,c. 175,foundational,SRC_012
CONTR_041,PION_041,T3_MED_001,institutionalization,Established royal patronage model for Greek-to-Arabic translation of alchemical texts; initiated Umayyad engagement with Hellenistic alchemy,Alchemical translations attributed to Khalid (pseudepigraphic corpus),c.700 CE,significant,"SRC_036, SRC_053"
CONTR_042,PION_042,T3_MED_001,foundational_idea,"Systematised Islamic alchemy through science of the balance (quantitative measurement), substance classification, sulfur-mercury metal theory, and systematic experimental procedures across ~3000-work corpus",Kitab al-Kimya; Book of Balances; Book of Seventy,c.721-815 CE,foundational,"SRC_036, SRC_037"
CONTR_043,PION_043,T3_MED_003,methodological_innovation,Established rigorous translation methodology comparing multiple manuscripts; created consistent Arabic medical vocabulary; translated 129 Galen treatises enabling Islamic medical systematisation,Risala (Letter on Galen translations),809-873 CE,major,"SRC_033, SRC_038"
CONTR_044,PION_044,T3_MED_006,foundational_idea,Established falsafa tradition as systematic engagement of Islamic thought with Greek natural philosophy; created philosophical Arabic vocabulary; first systematic Islamic philosopher,On First Philosophy; De Aspectibus,c.850-870 CE,major,"SRC_033, SRC_035"
CONTR_045,PION_045,T3_MED_003,experimental_demonstration,Pioneered systematic clinical observation and case documentation; classified substances; prepared mineral acids; critically evaluated Galen; integrated alchemy with medicine through hospital practice,Kitab al-Asrar; Al-Hawi,c.900-925 CE,foundational,"SRC_051, SRC_036"
CONTR_046,PION_046,T3_MED_006,synthesis,Systematised Aristotelian philosophy within Islamic framework; classified sciences; developed Neoplatonic emanation adapted to Islam; provided Ibn Sina with foundational philosophical schema,Opinions of Inhabitants of Virtuous City; Attainment of Happiness,c.872-950 CE,major,"SRC_033, SRC_035"
CONTR_047,PION_047,T3_MED_005,methodological_innovation,Conducted decades-long systematic astronomical observations; accurately determined solar year; improved precession; developed trigonometric functions; compiled Zij al-Sabi; cited by Copernicus,Zij al-Sabi (astronomical tables),c.858-929 CE,major,"SRC_039, SRC_035"
CONTR_048,PION_048,T3_MED_003,synthesis,Produced Canon of Medicine (Al-Qanun) as definitive medical encyclopaedia used for 600 years; established drug trial methodology; Book of Healing synthesised all natural philosophy,Al-Qanun fi al-Tibb (Canon of Medicine),980-1037 CE,foundational,"SRC_051, SRC_033"
CONTR_049,PION_049,T3_MED_005,methodological_innovation,Measured Earth radius using mountain-height method; systematic comparative study of Indian and Islamic astronomy; precise geographical measurements; mineralogy with specific gravity determinations,Kitab al-Hind; Al-Qanun al-Masudi,973-1050 CE,major,"SRC_039, SRC_035"
CONTR_050,PION_050,T3_MED_002,foundational_idea,Established intromission theory of vision through controlled experiments; formulated rigorous experimental scientific method with controlled testing and repeatability; revolutionised optics as experimental physics across 7-volume Book of Optics,Kitab al-Manazir (Book of Optics),965-1040 CE,foundational,"SRC_034, SRC_046"
CONTR_051,PION_051,T3_MED_003,instrumental_advance,Documented 200+ surgical instruments with illustrations in Al-Tasrif; systematised surgical techniques including cauterisation and sutures; produced first illustrated surgical textbook,"Al-Tasrif (Medical Encyclopaedia, vol.30 on surgery)",936-1013 CE,major,SRC_051
CONTR_052,PION_052,T3_MED_004,mathematical_formulation,Established algebra as independent mathematical discipline; developed algorithmic procedures; promoted Hindu-Arabic numerals; compiled astronomical tables synthesising Indian and Greek methods; names gave rise to algebra and algorithm,Hisab al-jabr w'al-muqabala; Zij al-Sindhind,c.780-850 CE,foundational,"SRC_035, SRC_049"
CONTR_053,PION_053,T3_MED_006,critique,Wrote comprehensive Aristotle commentaries in three formats; defended philosophy against Al-Ghazali's theological attack; asserted Aristotelian causation and eternity of world; his commentaries transmitted definitive Aristotelian interpretation to Latin scholasticism,Commentaries on Aristotle; Tahafut al-Tahafut,1126-1198 CE,major,"SRC_033, SRC_038"
CONTR_054,PION_054,T3_MED_005,mathematical_formulation,Established Maragha Observatory as first institutional astronomical observatory with major instruments (1259); invented Tusi couple eliminating equant from planetary models; compiled Zij-i Ilkhani; his non-equant planetary models share mathematical features with Copernican models,Zij-i Ilkhani; Memoir on Astronomy,1201-1274 CE,major,"SRC_039, SRC_035"
CONTR_055,PION_055,T3_MED_004,mathematical_formulation,Advanced polynomial algebra; developed early form of mathematical induction; integrated algebraic theory with hydraulic engineering practice,Al-Fakhri fi al-jabr; Book of Exploitation of Subterranean Waters,953-1029 CE,significant,"SRC_035, SRC_049"
CONTR_056,PION_056,T3_MED_002,foundational_idea,"Discovered law of refraction (equivalent to Snell's law) 600 years prior to Snell, demonstrated in On Burning Mirrors and Lenses; geometric analysis of how lenses focus light; this discovery directly preceded Ibn al-Haytham's optical programme",On Burning Mirrors and Lenses,c.940-1000 CE,significant,SRC_035
CONTR_057,PION_057,T3_MED_004,mathematical_formulation,Developed geometric solutions to cubic equations and classified cubic types; investigated parallel postulate; reformed calendar with high astronomical accuracy,Treatise on Algebra; Zij-i Malik-Shahi,1048-1131 CE,significant,SRC_035
CONTR_058,PION_058,T3_MED_004,synthesis,"Translated Euclid, Archimedes, Apollonius, Ptolemy into Arabic; contributed original mathematics on amicable numbers and proto-calculus; preserved Greek mathematical corpus through high-quality translations",Translations of Archimedes and Ptolemy; mathematical treatises,826-901 CE,significant,"SRC_033, SRC_035"
CONTR_059,PION_059,T3_MED_005,methodological_innovation,Compiled large-format Hakimi astronomical tables from systematic Cairo observations; innovations in spherical trigonometry enabling precise astronomical calculations,Al-Zij al-Kabir al-Hakimi,c.950-1009 CE,significant,SRC_039
CONTR_060,PION_060,T3_MED_005,instrumental_advance,Designed universal astrolabe (saphea) usable at any latitude; compiled Toledan Tables used in Europe for centuries; discovered solar apogee motion relative to fixed stars,Toledan Tables; Book on the Movement of Fixed Stars,1029-1087 CE,significant,SRC_039
CONTR_061,PION_061,T3_MED_005,foundational_idea,Provided first correct explanation of rainbow through refraction and internal reflection in spherical water droplets; continued Ibn al-Haytham optical and al-Tusi astronomical traditions,The Pearly Crown in the True Science of Light,1236-1311 CE,significant,SRC_035
CONTR_062,PION_062,T3_MED_005,institutionalization,Established Samarkand Observatory (largest medieval observatory) with 40-metre mural sextant; compiled highly accurate Zij-i-Sultani star catalogue of 1018 stars; last major Islamic institutional astronomy,Zij-i-Sultani (Guragan Tables),1394-1449 CE,significant,"SRC_039, SRC_035"
CONTR_063,PION_063,T3_MED_007,methodological_innovation,"Dream Pool Essays established systematic multi-disciplinary empirical investigation; identified geological time through fossil evidence; documented compass, movable type, astronomical methods; polymath exemplar of Song material investigation",Mengxi Bitan (Dream Pool Essays),1031-1095 CE,major,"SRC_041, SRC_042"
CONTR_064,PION_064,T3_MED_008,instrumental_advance,Invented movable type printing with individual reusable clay characters around 1040 CE; enabled mass text reproduction at reduced cost compared to woodblock printing,Movable type printing system (documented by Shen Kuo),c.990-1051 CE,significant,SRC_041
CONTR_065,PION_065,T3_MED_008,instrumental_advance,"Designed and built water-powered astronomical clock tower integrating armillary sphere, celestial globe, and mechanical escapement; demonstrated highest level of Song mechanical engineering",Xin Yi Xiang Fa Yao (illustrated clock design manual),1020-1101 CE,significant,SRC_041
CONTR_066,PION_066,T3_MED_007,foundational_idea,"Established systematic forensic medicine in Collected Cases of Injustice Rectified (1247); developed autopsy procedures, cause-of-death determination, poisoning detection; founder of forensic science",Xi Yuan Ji Lu (Collected Cases of Injustice Rectified),1186-1249 CE,significant,SRC_041
CONTR_067,PION_067,T3_MED_007,methodological_innovation,Reformed Chinese calendar (Shoushi) with accuracy matching Gregorian calendar; designed improved astronomical instruments; conducted multi-site observational programme across China,Shoushi Calendar (1281); instrument designs,1231-1316 CE,significant,SRC_041
CONTR_068,PION_068,T3_MED_009,synthesis,"Translated 87+ works from Arabic to Latin providing European universities with Ptolemy Almagest, Euclid Elements, Ibn Sina Canon, Al-Khwarizmi Algebra; single most important transmission of Islamic and Greek science to Europe","87+ translations including Ptolemy Almagest, Ibn Sina Canon",c.1160-1187 CE,major,"SRC_038, SRC_039"
CONTR_069,PION_069,T3_MED_010,foundational_idea,Established Oxford mathematical natural philosophy emphasising light and optics; advocated experimental verification; commentary on Posterior Analytics promoted inductive-deductive methodology; initiated European experimental optics tradition,De Luce (On Light); Commentaries on Posterior Analytics,c.1175-1253 CE,major,"SRC_044, SRC_043"
CONTR_070,PION_070,T3_MED_009,synthesis,"Made complete Aristotelian corpus accessible to Christian Europe through paraphrases and commentaries; original observations in natural history (botany, zoology, mineralogy); accepted and propagated Islamic natural philosophy within Christian context",Commentaries on Aristotle; De Mineralibus; De Animalibus,c.1200-1280 CE,major,"SRC_043, SRC_040"
CONTR_071,PION_071,T3_MED_010,methodological_innovation,"Advocated scientia experimentalis as explicit programme combining observation, instruments, and mathematics; followed Ibn al-Haytham in optical experiments; described gunpowder (first in European sources); criticised reliance on authority",Opus Majus,c.1220-1292 CE,major,"SRC_044, SRC_043"
CONTR_072,PION_072,T3_MED_009,synthesis,Produced definitive Aristotelian-Christian synthesis through Summa Theologica; established natural reason as valid path alongside revelation; his framework became orthodox Catholic philosophical position,Summa Theologica; Summa Contra Gentiles,1225-1274 CE,major,"SRC_043, SRC_040"
CONTR_073,PION_073,T3_MED_009,foundational_idea,Developed impetus theory as precursor to momentum and inertia challenging Aristotelian motion theory; systematic logical analysis of natural concepts including projectile motion and free fall,Quaestiones on Aristotle Physics,c.1300-1358 CE,major,"SRC_043, SRC_045"
CONTR_074,PION_074,T3_MED_009,mathematical_formulation,Invented graphical representation of qualities and motion (latitude of forms); proved mean speed theorem; proto-coordinate geometry for representing change; mathematical analysis precursors to analytical geometry and calculus,De configurationibus qualitatum et motuum,c.1320-1382 CE,major,"SRC_043, SRC_045"
CONTR_075,PION_075,T3_MED_009,institutionalization,Organised Toledo cathedral as institutional translation centre; assembled and patronised team of translators including Gerard of Cremona; provided institutional infrastructure enabling systematic transmission to Europe,Patronage of translation programme,c.1125-1152 CE,significant,SRC_038
CONTR_076,PION_076,T3_MED_009,synthesis,"Translated Islamic philosophical works (Al-Farabi, Ibn Sina, Al-Ghazali) into Latin; wrote original works on classification of sciences; transmitted falsafa tradition to European scholasticism",De Divisione Philosophiae; translations of Islamic philosophy,12th century CE,significant,SRC_038
CONTR_077,PION_077,T3_MED_009,synthesis,Translated Aristotle biological works and Ibn Rushd commentaries from Arabic; worked in Toledo and Sicily transmission centres; transmitted complete Aristotelian corpus with Islamic commentary,Translations of Aristotle De Animalibus and Averroes commentaries,c.1175-1232 CE,significant,SRC_038
CONTR_078,PION_078,T3_MED_009,methodological_innovation,"Translated Aristotle, Archimedes, Ptolemy, and Hero directly from Greek to Latin bypassing Arabic intermediary; enabled correction of Arabic-mediated translation errors; Thomas Aquinas relied on his translations",Direct Greek-Latin translations of Aristotle and Archimedes,c.1215-1286 CE,significant,"SRC_038, SRC_040"
CONTR_079,PION_079,T3_MED_010,experimental_demonstration,Produced correct experimental explanation of rainbow through refraction and internal reflection in spherical water droplets; used glass spheres as experimental models; directly applied Ibn al-Haytham experimental method,De Iride et Radialibus Impressionibus (On the Rainbow),c.1250-1310 CE,significant,SRC_044
CONTR_080,PION_080,T3_MED_010,synthesis,Compiled comprehensive 10-book optical treatise Perspectiva (c.1270s) transmitting Islamic optics to Latin Europe; mathematical analysis of vision and light propagation; widely read through Renaissance and central to Kepler's Paralipomena (1604),Perspectiva (10 books on optics),c.1230-1314 CE,significant,SRC_040
CONTR_081,PION_081,T3_MED_010,experimental_demonstration,Conducted first systematic experimental study of magnetism in Europe; described magnetic poles; improved pivot compass with degree scale; experimental methodology for magnetic phenomena,Epistola de Magnete (1269),13th century CE,significant,SRC_043
CONTR_082,PION_082,T3_MED_011,synthesis,Compiled Latin alchemical corpus (Summa Perfectionis) providing systematic procedures for chemical operations; corpuscular metal theory; mineral acids; most influential European alchemical texts for centuries,Summa Perfectionis Magisterii,late 13th century CE,significant,"SRC_036, SRC_037"
CONTR_083,PION_083,T3_MED_012,methodological_innovation,"Documented medieval craft knowledge in De Diversis Artibus covering metalworking, glassmaking, pigments, bell-casting, organ-building; rare written record of craft traditions normally transmitted only through apprenticeship",De Diversis Artibus (On Divers Arts),c.1070-1125 CE,significant,SRC_052
CONTR_084,PION_084,T3_MED_011,foundational_idea,Developed Ars Magna combinatorial knowledge system; engaged with alchemical practice; promoted synthesis of philosophy and theology through logical combination of concepts,Ars Magna; Ars Generalis Ultima,c.1232-1316 CE,significant,SRC_037
CONTR_085,PION_085,T3_MED_009,synthesis,Classified sciences in Didascalicon (c.1130) giving mechanical arts equal standing with liberal arts; this framework provided intellectual legitimation for practical investigation alongside theoretical natural philosophy,Didascalicon (On the Study of Reading),c.1096-1141 CE,significant,SRC_043
CONTR_086,PION_086,T3_MED_013,synthesis,Compiled Medical Compendium (Epitome) in 7 books synthesising Greek medical knowledge; detailed surgical sections preserved Galenic surgery; transmitted to Islamic world through Arabic translation by Hunayn,Epitomae Medicae Libri Septem,c.625-690 CE,significant,SRC_051
CONTR_087,PION_087,T3_MED_013,institutionalization,Headed imperial university maintaining mathematical and astronomical learning; preserved ancient manuscripts; maintained Byzantine educational tradition; attracted Caliph al-Mamun's scholarly interest,Preserved manuscripts; university teaching,c.790-869 CE,significant,SRC_040
CONTR_088,PION_088,T3_MED_013,synthesis,Revived Platonic studies in Constantinople; encyclopaedic commentaries on ancient philosophy; bridged Byzantine scholarship to Italian Renaissance through intellectual emigrants from Constantinople,Chronographia; commentaries on Plato and Aristotle,1018-1078 CE,significant,SRC_040
CONTR_089,PION_089,T3_EMD_001,methodological_innovation,Systematised inductive method in Novum Organum (1620); critiqued Aristotelian deduction through Idols framework identifying systematic biases; proposed cooperative scientific research programme for practical human benefit,Novum Organum (1620),1620,foundational,"SRC_057, SRC_056"
CONTR_090,PION_090,T3_EMD_001,experimental_demonstration,Combined controlled experiments with mathematical analysis; inclined plane and pendulum studies established mathematical laws of motion; telescope observations provided empirical evidence for heliocentrism; model of experimental-mathematical method,Discorsi e Dimostrazioni Matematiche (1638),1638,foundational,SRC_058
CONTR_091,PION_091,T3_EMD_010,mathematical_formulation,Derived three laws of planetary motion from Tycho Brahe's observational data: elliptical orbits replace circles; line sweeps equal areas in equal times; square of period proportional to cube of mean distance from Sun,Astronomia Nova (1609); Harmonices Mundi (1619),c. 1609-1619 CE,foundational,SRC_055
CONTR_092,PION_092,T3_EMD_008,experimental_demonstration,Established experimental investigation of magnetism and electricity in De Magnete (1600); demonstrated Earth as large spherical magnet; distinguished electrical from magnetic attraction; set model of experimental natural philosophy,De Magnete (1600),1600,foundational,"SRC_056, SRC_055"
CONTR_093,PION_093,T3_EMD_011,experimental_demonstration,Demonstrated blood circulation through quantitative argument in De Motu Cordis (1628); showed heart output rate impossibly large without recirculation; overturned Galenic cardiovascular theory through experimental evidence,De Motu Cordis (1628),1628,foundational,SRC_055
CONTR_094,PION_094,T3_EMD_010,experimental_demonstration,Produced most precise pre-telescopic astronomical observations over 20 years at Uraniborg; demonstrated celestial change via nova (1572) contradicting Aristotelian immutability; data provided foundation for Kepler's laws,Astronomiae Instauratae Mechanica (1598),c. 1572-1601 CE,major,SRC_055
CONTR_095,PION_095,T3_EMD_011,foundational_idea,Founded systematic human anatomy through direct dissection in De Humani Corporis Fabrica (1543); corrected Galenic anatomical errors arising from animal dissection; established direct observation over textual authority as anatomical principle,De Humani Corporis Fabrica (1543),1543,foundational,SRC_055
CONTR_096,PION_096,T3_EMD_010,foundational_idea,Proposed heliocentric system in De Revolutionibus (1543); placed Sun at centre with Earth in annual orbit; Earth rotation explains daily stellar motion; initiated Copernican Revolution in cosmology,De Revolutionibus Orbium Coelestium (1543),1543,foundational,SRC_055
CONTR_097,PION_097,T3_EMD_002,foundational_idea,Provided most systematic mechanical philosophy in Principia Philosophiae (1644); defined matter by extension alone; explained all phenomena through contact action of particles; proposed vortex cosmology as mechanical universe model,Principia Philosophiae (1644),1644,foundational,"SRC_059, SRC_055"
CONTR_098,PION_098,T3_EMD_002,experimental_demonstration,Applied corpuscular matter theory experimentally; demonstrated Boyle's law (pressure-volume inversely proportional); critiqued Aristotelian elements in Sceptical Chymist; bridged experimental philosophy and mechanical philosophy programs,The Sceptical Chymist (1661); New Experiments Physico-Mechanical (1660),c. 1660-1661 CE,major,"SRC_061, SRC_073"
CONTR_099,PION_099,T3_EMD_012,instrumental_advance,Invented precision pendulum clock (1656) enabling accurate timekeeping; wave theory of light (Traite de la Lumiere 1690); mathematical analysis of centrifugal force; Horologium Oscillatorium synthesised theoretical and practical horology,Horologium Oscillatorium (1673),1656,major,SRC_055
CONTR_100,PION_100,T3_EMD_012,instrumental_advance,Invented mercury barometer (1643) demonstrating atmospheric pressure holds mercury column; created first practical vacuum contradicting Aristotelian horror vacui; showed air has weight enabling atmospheric science,Letter to Ricci on barometer experiments (1644),1643,major,SRC_055
CONTR_101,PION_101,T3_EMD_012,instrumental_advance,Invented air pump (1650s) enabling controlled vacuum experiments; Magdeburg hemispheres demonstration showed atmospheric pressure magnitude dramatically; developed early electrostatic generator for electrical research,Experimenta Nova (1672),c. 1654 CE,major,"SRC_071, SRC_055"
CONTR_102,PION_102,T3_EMD_001,experimental_demonstration,Robert Hooke served as Curator of Experiments at Royal Society demonstrating weekly experiments; Micrographia (1665) established microscopy as scientific tool revealing cells in cork; coined term cell; Hooke's law of elasticity (1678) stated spring force proportional to extension,Micrographia (1665),1665,major,SRC_055
CONTR_103,PION_103,T3_EMD_002,foundational_idea,Pierre Gassendi revived Epicurean atomism in Syntagma Philosophicum (1658) adapting it to Christianity so atoms are created by God not eternal; empiricist epistemology challenged Descartes' rationalist innate ideas; Mercury transit observation (1631) confirmed Kepler's prediction,Syntagma Philosophicum (1658),c. 1649-1658 CE,significant,SRC_055
CONTR_104,PION_104,T3_EMD_003,mathematical_formulation,Derived three laws of motion and universal gravitation in Principia (1687); unified terrestrial and celestial mechanics; demonstrated same gravitational force governs falling bodies and planetary orbits; invented calculus independently,Philosophiae Naturalis Principia Mathematica (1687),1687,foundational,"SRC_063, SRC_062"
CONTR_105,PION_105,T3_EMD_013,institutionalization,Persuaded Newton to write and personally financed Principia publication (1687); calculated comet orbit predicting 1758 return verifying Newtonian gravitation posthumously; served as Astronomer Royal organising observatory,Astronomiae Cometicae Synopsis (1705),c. 1687-1742 CE,major,SRC_055
CONTR_106,PION_106,T3_EMD_003,mathematical_formulation,"Developed calculus independently with superior notation (dx, integral sign) that became standard; vis viva concept (mv2) as precursor to kinetic energy; founded Berlin Academy (1700) institutionalising German science",Nova Methodus pro Maximis et Minimis (1684),1684,foundational,SRC_055
CONTR_107,PION_107,T3_EMD_003,mathematical_formulation,"Reformulated Newton's mechanics analytically in Mechanica (1736); founded fluid dynamics; developed calculus of variations; introduced standard mathematical notation (e, pi, i, f(x), summation sigma); most prolific mathematician in history",Mechanica (1736),1736,foundational,SRC_055
CONTR_108,PION_108,T3_EMD_003,synthesis,Completed Newtonian celestial mechanics in Mecanique Celeste (1799-1825) demonstrating solar system stability; probability theory; nebular hypothesis of solar system formation; Laplace transform and Laplacian operator,Traite de Mecanique Celeste (1799-1825),c. 1799-1825 CE,foundational,SRC_055
CONTR_109,PION_109,T3_EMD_003,mathematical_formulation,Reformulated entire mechanics analytically without geometric diagrams in Mecanique Analytique (1788); Lagrangian mechanics using generalised coordinates; calculus of variations (Euler-Lagrange equations); principle of least action,Mecanique Analytique (1788),1788,major,SRC_055
CONTR_110,PION_110,T3_EMD_015,mathematical_formulation,D'Alembert's principle (1743) reducing dynamics to statics by adding reversed inertial forces; wave equation for vibrating string as first field equation; Encyclopedie co-editor disseminating Enlightenment scientific knowledge,Traite de Dynamique (1743),1743,major,SRC_055
CONTR_111,PION_111,T3_EMD_015,mathematical_formulation,Founded fluid dynamics and Bernoulli principle in Hydrodynamica (1738): faster fluid has lower pressure; kinetic theory of gases treating them as particles; foundational fluid mechanics text,Hydrodynamica (1738),1738,major,SRC_055
CONTR_112,PION_112,T3_EMD_003,experimental_demonstration,Led Lapland geodetic expedition (1736-37) confirming Earth flattened at poles as Newton predicted; developed perturbation theory for gravitational three-body problem; accurately predicted Halley's comet 1759 return,La Figure de la Terre (1743),1743,significant,SRC_055
CONTR_113,PION_113,T3_EMD_008,experimental_demonstration,Kite experiment (1752) demonstrated lightning is electrical; single-fluid electrical theory; lightning rod invention protecting buildings; co-founded American Philosophical Society establishing North American scientific institution,Experiments and Observations on Electricity (1751),1752,major,SRC_055
CONTR_114,PION_114,T3_EMD_005,foundational_idea,Established oxygen theory of combustion and conservation of mass in Traite Elementaire de Chimie (1789); systematic chemical nomenclature (1787); operational element definition; founded modern quantitative chemistry,Traite Elementaire de Chimie (1789),1789,foundational,"SRC_065, SRC_072"
CONTR_115,PION_115,T3_EMD_004,experimental_demonstration,"Isolated oxygen (1774) as dephlogisticated air; discovered approximately 10 gases including ammonia, sulfur dioxide, nitrous oxide, hydrogen chloride, carbon monoxide; pneumatic chemistry experiments across 6 volumes",Experiments and Observations on Different Kinds of Air (1774-1786),c. 1774-1786 CE,major,"SRC_069, SRC_070"
CONTR_116,PION_116,T3_EMD_004,experimental_demonstration,Isolated hydrogen (1766) as distinct inflammable gas lighter than air; demonstrated water composition as hydrogen plus oxygen (1781-1784); measured gravitational constant through torsion balance (1798); exceptional precision,Experiments on Factitious Air (1766),1766,major,SRC_070
CONTR_117,PION_117,T3_EMD_004,experimental_demonstration,"Independently isolated oxygen (c.1771-72) as fire air prior to Priestley though published later in Chemical Treatise on Air and Fire (1777); discovered chlorine, manganese, barium; isolated multiple organic acids from limited resources",Chemische Abhandlung von der Luft und dem Feuer (1777),c. 1771-1777 CE,major,SRC_070
CONTR_118,PION_118,T3_EMD_004,foundational_idea,Joseph Black initiated pneumatic chemistry by isolating fixed air (CO2) from limestone heating (1756) demonstrating it differs from common air; latent heat concept measured heat absorbed during melting without temperature change; specific heat showed different substances absorb different heat per degree,Experiments upon Magnesia Alba (1756),1756,foundational,"SRC_066, SRC_070"
CONTR_119,PION_119,T3_EMD_006,foundational_idea,Proposed quantitative atomic theory (1803-1808): atoms of each element have characteristic measurable weight; compounds form by whole-number atomic ratios; law of multiple proportions; first atomic weight table,A New System of Chemical Philosophy (1808),1808,foundational,"SRC_067, SRC_066"
CONTR_120,PION_120,T3_EMD_005,experimental_demonstration,Established law of definite proportions through decade-long experimental debate with Berthollet (1794-1804); demonstrated compounds always have fixed mass ratios; provided key experimental foundation for Dalton's atomic theory,Papers in Annales de Chimie (1794-1804),c. 1794-1804 CE,significant,SRC_066
CONTR_121,PION_121,T3_EMD_005,synthesis,"Co-created systematic chemical nomenclature (1787) with Lavoisier, Fourcroy, and Guyton de Morveau; chemical affinity studies developing mass-dependent affinity concept precursing mass action law; chlorine bleaching application",Methode de Nomenclature Chimique (1787),1787,significant,SRC_066
CONTR_122,PION_122,T3_EMD_005,institutionalization,Major disseminator of Lavoisierian chemistry through textbooks (Philosophie Chimique 1792) and educational reform; helped found Ecole Polytechnique; organised French chemistry education after Revolution,Philosophie Chimique (1792),1792,significant,SRC_066
CONTR_123,PION_123,T3_EMD_005,methodological_innovation,Initiated chemical nomenclature reform independently before meeting Lavoisier; co-created 1787 Methode de Nomenclature Chimique establishing systematic composition-indicating names replacing arbitrary alchemical names,Methode de Nomenclature Chimique (1787),1787,significant,SRC_066
CONTR_124,PION_124,T3_EMD_005,foundational_idea,"Systematised phlogiston theory (1697-1723) explaining combustion, calcination, and respiration as phlogiston release; temporarily unified chemical phenomena; provided framework Lavoisier had to defeat to establish modern chemistry",Fundamenta Chymiae (1723),1723,significant,SRC_070
CONTR_125,PION_125,T3_EMD_005,experimental_demonstration,"Discovered uranium, zirconium, and other elements through systematic analytical chemistry; adopted and spread Lavoisier's system in German-speaking world; established high standards for quantitative mineral analysis",Beitrage zur Chemischen Kenntniss der Mineralkorper (1795-1815),c. 1789-1817 CE,significant,SRC_066
CONTR_126,PION_126,T3_EMD_005,methodological_innovation,"Created comprehensive chemical affinity tables (1775) systematising relative affinities of acids, bases, and metals; systematised blowpipe analysis for mineral identification; applied Linnaean systematic approach to chemistry",Dissertatio de attractionibus electivis (1775),1775,significant,SRC_070
CONTR_127,PION_127,T3_EMD_006,mathematical_formulation,"Determined precise atomic weights for 51 elements; created modern chemical symbol system (letter abbreviations) still in universal use; electrochemical dualism theory; discovered selenium, thorium, cerium; coined organic chemistry and catalysis",Essai sur la Theorie des Proportions Chimiques (1819),1819,foundational,SRC_066
CONTR_128,PION_128,T3_EMD_006,experimental_demonstration,Established law of combining volumes (1808): gases react in whole-number volume ratios consistent with atomic interpretation; gas expansion law; balloon ascent atmospheric measurements; supported quantitative chemistry,Sur la Combinaison des Substances Gazeuses (1808),1808,major,SRC_066
CONTR_129,PION_129,T3_EMD_006,foundational_idea,Proposed Avogadro's hypothesis (1811): equal gas volumes contain equal molecules; distinguished atoms from molecules resolving Dalton-Gay-Lussac conflict; foundation of modern chemistry though ignored 50 years,Essay on Determining Relative Masses of Elementary Molecules (1811),1811,foundational,SRC_066
CONTR_130,PION_130,T3_EMD_005,experimental_demonstration,Isolated sodium and potassium (1807) by electrolysing fused hydroxides; demonstrated chlorine as element contradicting Lavoisier's acid oxygen theory; safety lamp preventing mine explosions; electrochemistry extending chemical revolution,On Some Chemical Agencies of Electricity (1807),1807,major,SRC_066
CONTR_131,PION_131,T3_EMD_008,instrumental_advance,"Invented voltaic pile (battery, 1800) as first continuous electrical current source enabling sustained electrochemistry; discovered methane; invented electrophorus; electrical unit volt named for him; battery enabled 19th century electrical revolution","On the Electricity Excited by Contact (letter to Banks, 1800)",1800,foundational,SRC_055
CONTR_132,PION_132,T3_EMD_009,methodological_innovation,Established binomial nomenclature in Systema Naturae (1735); hierarchical classification (kingdom-class-order-genus-species); sexual classification of plants; trained global naturalist network; Linnaean nomenclature still used,Systema Naturae (1735); Species Plantarum (1753),1735,foundational,SRC_055
CONTR_133,PION_133,T3_EMD_009,foundational_idea,Published comprehensive 44-volume natural history challenging Biblical chronology with 75000+ year Earth age; hinted at species transformation; elegant popular style making natural history widely accessible,Histoire Naturelle (1749-1804),c. 1749-1788 CE,major,SRC_055
CONTR_134,PION_134,T3_EMD_016,foundational_idea,"Established foundational geological principles in De Solido (1669): law of superposition, original horizontality, lateral continuity; recognised fossils as ancient organism remains not coincidental stone formations; founded stratigraphy",De Solido Intra Solidum (1669),1669,foundational,SRC_055
CONTR_135,PION_135,T3_EMD_016,foundational_idea,Proposed uniformitarianism (1785/1795): present geological processes operating over vast time explain all features; Earth has no vestige of beginning; geological cycle; deep time vastly exceeding Biblical chronology,Theory of the Earth (1795),1795,foundational,SRC_055
CONTR_136,PION_136,T3_EMD_009,foundational_idea,Demonstrated extinction through fossil evidence — no living species match Paris Basin fossils; comparative anatomy correlation of parts enabling reconstruction from fragments; founded paleontology as scientific discipline,Ossemens Fossiles (1812),1812,foundational,SRC_055
CONTR_137,PION_137,T3_EMD_008,experimental_demonstration,Discovered animal electricity (1791) through frog leg experiments; demonstrated biological electrical phenomena; De Viribus Electricitatis sparked Galvani-Volta debate leading directly to battery invention; galvanism named for him,De Viribus Electricitatis in Motu Musculari (1791),1791,significant,SRC_055
CONTR_138,PION_138,T3_EMD_008,mathematical_formulation,Established Coulomb's law (1785-1791): electrical force inversely proportional to square of distance and proportional to product of charges; invented torsion balance for measuring tiny forces; quantified electricity parallel to Newton's gravity,Premier Memoire sur l'Electricite et le Magnetisme (1785),1785,major,SRC_055
CONTR_139,PION_139,T3_EMD_004,instrumental_advance,Invented pneumatic trough (1727) enabling systematic gas collection over water or mercury; first quantitative blood pressure measurement; plant physiology pioneer; fundamental apparatus enabling pneumatic chemistry revolution,Vegetable Staticks (1727),1727,major,SRC_070
CONTR_140,PION_140,T3_EMD_010,experimental_demonstration,Discovered Uranus (1781) extending known solar system boundary; discovered infrared radiation (1800); built largest telescopes of period; systematic stellar astronomy cataloguing 2500 nebulae; sister Caroline Herschel key collaborator,Account of a Comet (1781); Investigation of Powers of Prismatic Colours (1800),c. 1781-1800 CE,major,SRC_055
CONTR_141,PION_141,T3_EMD_011,synthesis,"Published first comprehensive systematic physiology in Elementa Physiologiae (8 volumes, 1757-1766); distinguished irritability and sensibility as distinct tissue properties foundational to neurology; synthesised all physiological knowledge",Elementa Physiologiae Corporis Humani (1757-1766),c. 1757-1766 CE,major,SRC_055
CONTR_142,PION_142,T3_EMD_011,experimental_demonstration,"Discovered capillaries (1661) microscopically completing Harvey's circulation theory with direct observational confirmation; revealed lung alveoli; microscopic anatomy of kidney, liver, and spleen; founded microscopic anatomy and embryology",De Pulmonibus (1661),1661,major,SRC_055
CONTR_143,PION_143,T3_EMD_007,experimental_demonstration,Double-slit experiment (1801) demonstrated light interference proving wave nature definitively reviving Huygens wave theory against Newton's corpuscular view; Young's modulus foundational to materials science; Rosetta Stone decipherment,On the Theory of Light and Colours (1801),1801,major,SRC_055
CONTR_144,PION_144,T3_MOD_001,foundational_idea,Synthesised urea from inorganic ammonium cyanate (1828) definitively refuting vitalism and establishing that organic compounds can be made without vital force; opened organic synthesis as a laboratory science,Urea synthesis paper (1828),1828,major,SRC_075
CONTR_145,PION_145,T3_MOD_001,methodological_innovation,Developed combustion analysis giving organic chemists a reliable method for determining elemental composition of compounds; established the Giessen laboratory model of research-led chemical education adopted worldwide,Organic Chemistry in Its Application to Agriculture and Physiology (1840),1840,major,SRC_075
CONTR_146,PION_146,T3_MOD_001,foundational_idea,Proposed carbon tetravalence (1857) and the cyclic ring structure of benzene (1865) founding structural organic chemistry; carbon-chain theory explained the vast diversity of organic compounds systematically,On the Constitution and Metamorphoses of Chemical Compounds (1858); Benzene structure paper (1865),1857-1865,major,SRC_075
CONTR_147,PION_185,T3_MOD_002,foundational_idea,Co-developed emission spectroscopy with Bunsen (1859) establishing spectral lines as unique elemental fingerprints; discovered caesium (1860) and rubidium (1861) spectroscopically; extended spectral analysis to solar and stellar composition,Chemical Analysis by Spectral Observations (1860),1859-1861,major,SRC_075
CONTR_148,PION_186,T3_MOD_002,instrumental_advance,Invented the Bunsen burner (1855) providing a clean low-luminosity flame essential for emission spectroscopy; co-developed spectroscopy as systematic analytical tool enabling non-destructive elemental identification in complex mixtures,Chemical Analysis by Spectral Observations (1860),1855-1860,major,SRC_075
CONTR_149,PION_194,T3_MOD_002,mathematical_formulation,"Developed Debye-Hückel theory of strong electrolyte solutions (1923); invented X-ray powder diffraction (Debye-Scherrer method, 1916) enabling phase identification of polycrystalline materials; Debye-Waller factor quantifying thermal disorder in crystals",Zur Theorie der Elektrolyte (1923); Interferenzen an regellos orientierten Teilchen (1916),1916-1923,major,SRC_076
CONTR_150,PION_155,T3_MOD_003,synthesis,"Constructed periodic table (1869) organising all known elements by atomic weight and chemical periodicity; predicted three undiscovered elements (gallium, scandium, germanium) whose subsequent discovery validated the system; provided a unified framework for inorganic chemistry",The Relation between the Properties and Atomic Weights of the Elements (1869),1869,major,SRC_075
CONTR_151,PION_154,T3_MOD_003,foundational_idea,Proposed coordination theory (1893) explaining metal complexes through primary and secondary valence; octahedral geometry of transition-metal complexes; founded modern coordination chemistry as a subfield of inorganic chemistry,Beitrag zur Konstitution anorganischer Verbindungen (1893),1893,major,SRC_075
CONTR_152,PION_195,T3_MOD_003,mathematical_formulation,Developed electronegativity scale and resonance theory unifying organic and inorganic bonding; applied quantum mechanics to chemical bonding via valence bond theory; Nature of the Chemical Bond synthesised inorganic structural chemistry,The Nature of the Chemical Bond (1939),1939,major,SRC_076
CONTR_153,PION_147,T3_MOD_004,mathematical_formulation,"Formulated osmotic pressure law (van't Hoff factor, 1885) quantitatively linking solution concentration and pressure; established tetrahedral carbon stereochemistry (1874); first Nobel Prize in Chemistry (1901) recognising physical chemistry as new discipline",Études de dynamique chimique (1884),1874-1885,major,SRC_075
CONTR_154,PION_148,T3_MOD_004,foundational_idea,Proposed ionic dissociation theory (1884) explaining why electrolytes conduct electricity and depress freezing points; formulated Arrhenius equation for temperature dependence of reaction rates; defined acids and bases by hydrogen/hydroxide ions,Recherches sur la conductibilité galvanique des électrolytes (1884),1884-1889,major,SRC_075
CONTR_155,PION_149,T3_MOD_004,institutionalization,Founded Zeitschrift für Physikalische Chemie (1887) establishing physical chemistry's institutional identity; formulated Ostwald's dilution law; coined the term catalyst and defined catalysis; organised physical chemistry internationally,Lehrbuch der Allgemeinen Chemie (1885-87); Zeitschrift für Physikalische Chemie (1887),1887-1906,major,SRC_075
CONTR_156,PION_150,T3_MOD_004,mathematical_formulation,Derived Gibbs free energy and chemical potential (1876-1878) providing thermodynamic criterion for spontaneous chemical change; formulated phase rule; ensemble statistical mechanics (1902) uniting thermodynamics with statistical physics,On the Equilibrium of Heterogeneous Substances (1876-1878),1876-1878,major,SRC_075
CONTR_157,PION_151,T3_MOD_004,mathematical_formulation,"Derived Nernst equation (1889) relating electrode potential to ion concentrations; formulated third law of thermodynamics (heat theorem, 1906) establishing absolute zero entropy; calorimetric data enabling free energy calculations",Die elektromotorische Wirksamkeit der Ionen (1889); Wärmetheorem (1906),1889-1906,major,SRC_075
CONTR_158,PION_152,T3_MOD_004,foundational_idea,Developed Lewis acid-base electron pair theory (1923) unifying acid-base chemistry; proposed covalent bond electron-pair model (1916); introduced fugacity and activity concepts in thermodynamics; Lewis dot structures for visualising valence electrons,Valence and the Structure of Atoms and Molecules (1923),1916-1923,major,SRC_076
CONTR_159,PION_156,T3_MOD_005,foundational_idea,Conceived Carnot cycle and efficiency limit (1824) showing maximum work from heat engine depends only on temperature difference; introduced reversibility as theoretical ideal; founded thermodynamics as a science before energy conservation was known,Réflexions sur la puissance motrice du feu (1824),1824,major,SRC_075
CONTR_160,PION_157,T3_MOD_005,experimental_demonstration,Determined mechanical equivalent of heat (1843-1850) through paddle-wheel water heating experiments establishing quantitative energy conservation; showed work and heat as interconvertible forms of energy laying cornerstone of first law,On the Mechanical Equivalent of Heat (1845-1850),1843-1850,major,SRC_075
CONTR_161,PION_158,T3_MOD_005,mathematical_formulation,Formulated second law of thermodynamics (1850) and coined entropy (1865) as state function quantifying irreversibility; Clausius inequality; provided rigorous mathematical framework for heat engine analysis building on Carnot,On the Moving Force of Heat (1850); The Mechanical Theory of Heat (1865),1850-1865,major,SRC_075
CONTR_162,PION_159,T3_MOD_005,mathematical_formulation,Established absolute thermodynamic temperature scale (1848) independent of thermometric substance; second law formulation via heat flow direction; energy dissipation and heat death concept; unified electromagnetism and thermodynamics,On an Absolute Thermometric Scale (1848),1848-1852,major,SRC_075
CONTR_163,PION_160,T3_MOD_005,synthesis,"Unified mechanics, heat, electricity and magnetism under conservation of energy as universal law (1847); Helmholtz free energy for constant-temperature processes; vortex theory of hydrodynamics; perception and physiology of sensory energy",Über die Erhaltung der Kraft (1847),1847,major,SRC_075
CONTR_164,PION_162,T3_MOD_006,experimental_demonstration,Discovered that electric current deflects a compass needle (1820) establishing the link between electricity and magnetism; founding demonstration that launched experimental electromagnetism research across Europe,Experimenta circa effectum conflictus electrici in acum magneticam (1820),1820,major,SRC_075
CONTR_165,PION_163,T3_MOD_006,mathematical_formulation,Derived Ampère's law (1820-1826) quantifying the magnetic force between current-carrying conductors; coined electrodynamics; invented the solenoid; mathematical framework for the force between currents preceding Maxwell's field theory,Mémoire sur la théorie mathématique des phénomènes électrodynamiques (1827),1820-1827,major,SRC_075
CONTR_166,PION_164,T3_MOD_006,experimental_demonstration,Discovered electromagnetic induction (1831) enabling generators and transformers; Faraday's laws of electrolysis; introduced the concept of electric and magnetic field lines as physical reality; rotating coil generator,Experimental Researches in Electricity (1831-1855),1831-1855,major,SRC_075
CONTR_167,PION_165,T3_MOD_006,mathematical_formulation,"Formulated Maxwell's equations (1864-1873) mathematically unifying electricity, magnetism, and optics; predicted electromagnetic waves propagating at the speed of light; displacement current concept; A Treatise on Electricity and Magnetism the definitive synthesis",A Dynamical Theory of the Electromagnetic Field (1865); A Treatise on Electricity and Magnetism (1873),1864-1873,major,SRC_075
CONTR_168,PION_166,T3_MOD_006,experimental_demonstration,"Experimentally detected electromagnetic radio waves (1887-1888) confirming Maxwell's theoretical prediction; measured their speed as equal to light; demonstrated reflection, refraction, and polarisation of radio waves",Über Strahlen elektrischer Kraft (1888),1887-1888,major,SRC_075
CONTR_169,PION_185,T3_MOD_007,foundational_idea,Formulated Kirchhoff's radiation law (1859) showing blackbody emission and absorption are equal at thermal equilibrium; defined blackbody concept whose radiation curve became the key puzzle leading to Planck's quantum hypothesis,Über den Zusammenhang zwischen Emission und Absorption von Licht und Wärme (1859),1859,major,SRC_075
CONTR_170,PION_186,T3_MOD_007,methodological_innovation,Applied spectroscopy with Kirchhoff to solar and stellar analysis (1859-1862) enabling astrophysics; demonstrated solar absorption lines correspond to emission lines of known elements; introduced spectroscopy as primary method of astronomical chemistry,Chemical Analysis by Spectral Observations (1860),1859-1862,major,SRC_075
CONTR_171,PION_196,T3_MOD_007,instrumental_advance,Designed Michelson interferometer (1881) enabling interference measurements of unprecedented precision; Michelson-Morley null ether result (1887) eliminated luminiferous ether; precision speed-of-light measurements; Nobel Physics 1907,On the Relative Motion of the Earth and Luminiferous Ether (1887),1881-1907,major,SRC_075
CONTR_172,PION_168,T3_MOD_008,experimental_demonstration,Discovered the electron (1897) by deflecting cathode rays in electric and magnetic fields and measuring charge-to-mass ratio; first subatomic particle identified; Thomson's plum-pudding atomic model proposed positive charge distributed throughout atom,Cathode Rays (1897),1897,major,SRC_075
CONTR_173,PION_179,T3_MOD_008,experimental_demonstration,"Discovered radioactivity of thorium independently (1898); isolated radium and polonium from pitchblende (with Pierre Curie); coined the term radioactivity; first woman Nobel laureate (Physics 1903, Chemistry 1911); pioneered radioactive isotope research",Recherches sur les substances radioactives (1903),1896-1911,major,SRC_075
CONTR_174,PION_180,T3_MOD_008,experimental_demonstration,Geiger-Marsden gold-foil experiment (1909-1911) showed most alpha particles pass through but rare large-angle scattering proved a dense positive nucleus; nuclear model of atom replaced Thomson's plum-pudding model; coined proton and nucleus,The Scattering of α and β Particles by Matter (1911),1911,major,SRC_075
CONTR_175,PION_189,T3_MOD_008,experimental_demonstration,Discovered the neutron (1932) by bombarding beryllium with alpha particles and detecting neutral radiation; completed the nuclear particle picture with protons and neutrons; enabled precise nuclear mass calculations and opened nuclear physics,Possible Existence of a Neutron (1932),1932,major,SRC_076
CONTR_176,PION_190,T3_MOD_008,experimental_demonstration,"Built first controlled nuclear chain reaction (Chicago Pile-1, December 1942); Fermi theory of beta decay (1933) introducing weak interaction; neutron-induced transmutation enabling synthetic isotopes; Fermi-Dirac statistics for spin-half particles",Versuch einer Theorie der β-Strahlen (1934),1933-1942,major,SRC_076
CONTR_177,PION_169,T3_MOD_009,mathematical_formulation,Derived blackbody radiation formula (1900) requiring discrete energy quanta E=hν; introduced Planck constant h founding quantum theory; initial intention was a mathematical fix but it broke the classical continuum assumption irreversibly,Über eine Verbesserung der Wien'schen Spektralgleichung (1900),1900,major,SRC_075
CONTR_178,PION_170,T3_MOD_009,foundational_idea,Proposed photon hypothesis (1905) explaining photoelectric effect as light quanta; extended Planck quanta to free light; Bose-Einstein statistics and condensate prediction (1924); wave-particle duality for light; stimulated emission principle (1917) enabling lasers,Über einen die Erzeugung und Verwandlung des Lichtes betreffenden heuristischen Gesichtspunkt (1905),1905,major,SRC_075
CONTR_179,PION_171,T3_MOD_009,foundational_idea,Proposed quantised orbital model of hydrogen (1913) with discrete energy levels explaining Balmer spectral series; introduced correspondence principle bridging quantum and classical; complementarity principle; Copenhagen interpretation of QM,On the Constitution of Atoms and Molecules (1913),1913,major,SRC_075
CONTR_180,PION_172,T3_MOD_009,foundational_idea,Proposed matter-wave hypothesis (1924): every particle has wavelength λ=h/p; extended wave-particle duality from photons to electrons and all matter; PhD thesis directly inspired Schrödinger equation; confirmed by Davisson-Germer electron diffraction (1927),Recherches sur la théorie des quanta (1924),1924,major,SRC_076
CONTR_181,PION_173,T3_MOD_009,mathematical_formulation,Developed matrix mechanics (1925) first complete formulation of quantum mechanics; uncertainty principle ΔxΔp ≥ ℏ/2 (1927) showing position and momentum cannot be simultaneously precisely known; quantum chromodynamics contributions,Über quantentheoretische Umdeutung kinematischer und mechanischer Beziehungen (1925),1925-1927,major,SRC_076
CONTR_182,PION_174,T3_MOD_009,mathematical_formulation,Derived Schrödinger wave equation (1926) providing a differential equation formulation of quantum mechanics equivalent to Heisenberg matrices; time-dependent and time-independent forms; established wavefunction Ψ as central mathematical object,Quantisierung als Eigenwertproblem (1926),1926,major,SRC_076
CONTR_183,PION_175,T3_MOD_009,foundational_idea,"Probabilistic interpretation of wavefunction (Born rule, 1926): |Ψ|² gives probability density; justified QM as fundamentally probabilistic rather than deterministic; Born approximation for scattering cross-sections widely used in nuclear and atomic physics",Zur Quantenmechanik der Stossvorgänge (1926),1926,major,SRC_076
CONTR_184,PION_176,T3_MOD_009,foundational_idea,Pauli exclusion principle (1925): no two fermions can occupy the same quantum state; explains periodic table structure and electron shell filling; predicted neutrino (1930) to conserve energy in beta decay; spin quantum number introduction,Über den Zusammenhang des Abschlusses der Elektronengruppen im Atom mit der Komplexstruktur der Spektren (1925),1925,major,SRC_076
CONTR_185,PION_177,T3_MOD_009,mathematical_formulation,Derived Dirac equation (1928) combining quantum mechanics and special relativity predicting antimatter (positron confirmed 1932); Dirac delta function; second quantisation founding quantum field theory; Dirac bracket notation and transformation theory,The Quantum Theory of the Electron (1928),1928-1932,major,SRC_076
CONTR_186,PION_170,T3_MOD_010,mathematical_formulation,"Special relativity (1905): Lorentz invariance, relativity of simultaneity, E=mc², time dilation; general relativity (1915): gravity as spacetime curvature, Einstein field equations; photoelectric effect; cosmological constant; Brownian motion atomic proof",Zur Elektrodynamik bewegter Körper (1905); Die Grundlage der allgemeinen Relativitätstheorie (1916),1905-1915,major,SRC_075
CONTR_187,PION_181,T3_MOD_010,mathematical_formulation,Derived Lorentz transformations (1904) for length contraction and time dilation in electrodynamics; electron mass-velocity relation precursing special relativity; Lorentz factor γ = 1/√(1-v²/c²); provided mathematical machinery Einstein used in special relativity,Electromagnetic phenomena in a system moving with any velocity smaller than that of light (1904),1904,major,SRC_075
CONTR_188,PION_182,T3_MOD_010,mathematical_formulation,Reformulated special relativity in 4D Minkowski spacetime (1908) showing space and time as aspects of a single 4D continuum; interval invariance; light cone structure; spacetime geometrical formalism adopted by Einstein for general relativity,Raum und Zeit (1908),1908,major,SRC_075
CONTR_189,PION_183,T3_MOD_010,experimental_demonstration,Led 1919 Principe solar eclipse expedition confirming general relativity's prediction of light bending; stellar structure theory (1920s) explaining stellar energy via nuclear reactions; stellar mass-luminosity relation; Eddington-Dirac large numbers coincidence,A Determination of the Deflection of Light by the Sun's Gravitational Field (1920),1919,major,SRC_076
CONTR_190,PION_161,T3_MOD_011,mathematical_formulation,Derived entropy S = k·ln(W) (1877) as logarithm of microstates providing statistical basis for thermodynamic second law; Boltzmann H-theorem deriving irreversibility from molecular dynamics; Boltzmann distribution; defended atoms despite positivist opposition,Über die Beziehung zwischen dem zweiten Hauptsatze der mechanischen Wärmetheorie (1877),1872-1877,major,SRC_075
CONTR_191,PION_165,T3_MOD_011,mathematical_formulation,"Derived Maxwell-Boltzmann speed distribution (1860) for gas molecules; kinetic theory of gases relating pressure, temperature and molecular speed; Maxwell's demon thought experiment; transport coefficients viscosity and diffusion from molecular theory",Illustrations of the Dynamical Theory of Gases (1860),1860,major,SRC_075
CONTR_192,PION_150,T3_MOD_011,mathematical_formulation,"Formulated ensemble statistical mechanics (1902) introducing microcanonical, canonical, and grand canonical ensembles; partition function; statistical derivation of thermodynamics from first principles; Gibbs phase rule; statistical chemical equilibrium",Elementary Principles in Statistical Mechanics (1902),1902,major,SRC_075
CONTR_193,PION_170,T3_MOD_011,foundational_idea,Brownian motion theory (1905) calculating mean-square displacement proving atoms exist and enabling Avogadro number measurement; Bose-Einstein statistics (1924) for indistinguishable bosons; predicted Bose-Einstein condensate (confirmed 1995),Über die von der molekularkinetischen Theorie der Wärme geforderte Bewegung (1905),1905,major,SRC_075
CONTR_194,PION_184,T3_MOD_011,experimental_demonstration,Measured sedimentation equilibrium of Brownian particles (1908-1913) yielding Avogadro's number to 0.5% accuracy; experimentally confirmed kinetic theory and proved atomic/molecular reality beyond doubt; Nobel Physics 1926,Mouvement brownien et réalité moléculaire (1909),1908-1913,major,SRC_076
CONTR_195,PION_200,T3_CON_001,mathematical_formulation,Developed Feynman path-integral formulation of quantum mechanics and QED (1948); invented Feynman diagrams as systematic perturbative tool for QED calculations; renormalization programme making QED predictions finite; Nobel Physics 1965,Space-Time Approach to Quantum Electrodynamics (1949); QED: The Strange Theory of Light and Matter (1985),1948-1949,major,SRC_077
CONTR_196,PION_201,T3_CON_001,mathematical_formulation,Independently developed QED renormalization using source theory and Green's function operator methods (1947-1948); calculated anomalous magnetic moment of electron to high precision; action principle formulation of quantum field theory; Nobel Physics 1965,Quantum Electrodynamics I & II (1948),1947-1948,major,SRC_077
CONTR_197,PION_202,T3_CON_001,mathematical_formulation,Developed covariant renormalization of QED (1946-1948) independently using super-many-time formalism; renamed QED renormalization alongside Feynman and Schwinger; Nobel Physics 1965 shared,On a Relativistically Invariant Formulation of the Quantum Theory of Wave Fields (1946),1946-1948,major,SRC_077
CONTR_198,PION_203,T3_CON_001,synthesis,"Proved mathematical equivalence of Feynman, Schwinger, and Tomonaga QED formulations (1949) unifying the three approaches into a single framework; established S-matrix perturbation theory; crucial to establishing the Standard Model foundation","The Radiation Theories of Tomonaga, Schwinger, and Feynman (1949)",1949,major,SRC_077
CONTR_199,PION_204,T3_CON_001,foundational_idea,Introduced strangeness quantum number (1953); developed the eightfold way particle classification (1961); proposed quarks as constituent particles (1964); QCD colour charge concept; effective field theory methods; Nobel Physics 1969,The Eightfold Way (1961); A Schematic Model of Baryons and Mesons (1964),1953-1974,major,SRC_077
CONTR_200,PION_205,T3_CON_001,mathematical_formulation,Electroweak unification model (1967) combining electromagnetic and weak forces with spontaneous symmetry breaking and Higgs mechanism; predicted W and Z bosons; Weinberg mixing angle; Nobel Physics 1979 with Glashow and Salam,A Model of Leptons (1967),1967,major,SRC_077
CONTR_201,PION_206,T3_CON_001,mathematical_formulation,Discovered asymptotic freedom in QCD (1973) with Politzer and Wilczek showing quark coupling decreases at high energy; made QCD a rigorous quantum field theory tractable for perturbative calculation at high energies; Nobel Physics 2004,Ultraviolet Behavior of Non-Abelian Gauge Theories (1973),1973,major,SRC_077
CONTR_202,PION_207,T3_CON_001,foundational_idea,Proposed Higgs mechanism (1964) explaining how gauge bosons acquire mass through spontaneous symmetry breaking of local gauge symmetry; Higgs boson prediction confirmed by LHC (2012); Nobel Physics 2013 with Englert,Broken Symmetries and the Masses of Gauge Bosons (1964),1964,major,SRC_077
CONTR_203,PION_208,T3_CON_002,experimental_demonstration,"Co-invented point-contact transistor with Brattain (1947) founding semiconductor electronics; co-developed BCS theory of superconductivity (1957); only double Nobel laureate in Physics (1956, 1972); surface physics of semiconductor junctions",Three-electrode circuit element utilizing semiconductor materials (Patent 1947); BCS theory paper (1957),1947-1957,major,SRC_078
CONTR_204,PION_209,T3_CON_002,foundational_idea,Invented bipolar junction transistor (1948) enabling amplification; p-n junction rectification theory; Shockley-Read-Hall recombination; Shockley-Queisser photovoltaic efficiency limit (1961); founded Shockley Semiconductor founding Silicon Valley; Nobel Physics 1956,Circuit element utilizing semiconductive material (Patent 1948); Electrons and Holes in Semiconductors (1950),1948-1956,major,SRC_078
CONTR_205,PION_210,T3_CON_002,foundational_idea,"Anderson localization (1958): disorder causes quantum interference preventing electron diffusion, explaining insulating behaviour; More is Different (1972) establishing emergence as physics principle; magnetic exchange interactions; pseudogap in superconductors; Nobel Physics 1977",Absence of Diffusion in Certain Random Lattices (1958); More is Different (1972),1958-1972,major,SRC_078
CONTR_206,PION_211,T3_CON_002,mathematical_formulation,Mott insulator theory: electron correlation can make normally metallic materials insulating when Hubbard U exceeds bandwidth; metal-insulator transitions; electronic structure of transition-metal compounds; disorder effects; Nobel Physics 1977,The Basis of the Electron Theory of Metals with Special Reference to the Transition Metals (1949),1949-1974,major,SRC_078
CONTR_207,PION_212,T3_CON_002,foundational_idea,Identified Cooper pairs (1956): electrons near Fermi surface with opposite momentum and spin form bound pairs due to phonon-mediated attraction; mechanism foundational to BCS theory; Cooper pair binding energy sets superconducting gap,Bound Electron Pairs in a Degenerate Fermi Gas (1956),1956,major,SRC_078
CONTR_208,PION_213,T3_CON_002,mathematical_formulation,Predicted Josephson effect (1962) as PhD student: supercurrent tunnels through insulating barrier between two superconductors; DC and AC Josephson effects; Josephson junctions enable SQUID magnetometers and superconducting qubits; Nobel Physics 1973,Possible New Effects in Superconductive Tunnelling (1962),1962,major,SRC_078
CONTR_209,PION_214,T3_CON_002,experimental_demonstration,Discovered integer quantum Hall effect (1980): Hall resistance quantised to h/e² with extraordinary precision regardless of sample; established resistance standard; topological origin from Landau levels; Nobel Physics 1985,New Method for High-Accuracy Determination of the Fine-Structure Constant (1980),1980,major,SRC_078
CONTR_210,PION_222,T3_CON_003,institutionalization,"Spearheaded creation of materials science as a unified academic discipline at MIT integrating metallurgy, ceramics, and polymers under shared physical principles; structural-properties-processing-performance framework; established first materials science departments",The Science of Engineering Materials (1964),1960-1975,major,SRC_079
CONTR_211,PION_223,T3_CON_003,synthesis,History and philosophy of materials: structure-properties relationships as central theme; A History of Metallography tracing materials knowledge from antiquity; demonstrated that aesthetic and practical materials knowledge share deep principles; humanistic materials science,A History of Metallography (1960),1950-1980,major,SRC_079
CONTR_212,PION_211,T3_CON_003,foundational_idea,Electronic structure theory for transition-metal oxides and correlated materials; Mott insulator concept explaining anomalous electrical properties of many oxide materials used in functional materials; framework for materials beyond simple band theory,Metal-Insulator Transitions (1974),1960-1974,major,SRC_078
CONTR_213,PION_208,T3_CON_003,foundational_idea,Semiconductor surface states theory enabling engineering of interface properties; junction physics providing theoretical basis for semiconductor device materials engineering; band-bending and work-function concepts for materials interfaces,Surface States and Rectification at a Metal Semiconductor Contact (1947),1947-1956,major,SRC_078
CONTR_214,PION_235,T3_CON_004,mathematical_formulation,Developed density functional theory with Lu Jeu Sham (1965): Kohn-Sham equations replace many-electron wavefunction with electron density functional; made ab initio quantum chemistry tractable for large molecules; Nobel Chemistry 1998,Self-Consistent Equations Including Exchange and Correlation Effects (1965),1964-1965,major,SRC_079
CONTR_215,PION_236,T3_CON_004,methodological_innovation,"Developed Gaussian basis set methods and systematic post-Hartree-Fock approaches (MP2, CI, CCSD) enabling systematic accuracy hierarchy in computational chemistry; created Gaussian software (1970) used worldwide; Nobel Chemistry 1998",Approximate Wave Functions for Atoms and Molecules (1953); Gaussian software documentation,1964-1998,major,SRC_079
CONTR_216,PION_237,T3_CON_004,foundational_idea,Developed molecular orbital theory (1928-1932) representing electrons as delocalised over entire molecule rather than localised bonds; LCAO-MO method; Mulliken population analysis; orbital symmetry; Nobel Chemistry 1966,The Assignment of Quantum Numbers for Electrons in Molecules (1928),1928-1966,major,SRC_076
CONTR_217,PION_238,T3_CON_004,mathematical_formulation,Becke exchange functional B88 (1988) first systematically accurate GGA exchange functional; B3LYP hybrid density functional combining exact exchange with GGA correlation became most-cited functional in chemistry; modern DFT accuracy for chemistry,Density-Functional Exchange-Energy Approximation with Correct Asymptotic Behavior (1988),1988-1993,major,SRC_079
CONTR_218,PION_249,T3_CON_004,methodological_innovation,Developed CHARMM molecular dynamics force field for biomolecular simulation (1983); Karplus equation relating vicinal NMR coupling constants to dihedral angle; molecular dynamics of proteins and nucleic acids; Nobel Chemistry 2013,"CHARMM: A Program for Macromolecular Energy, Minimization, and Dynamics Calculations (1983)",1969-1983,major,SRC_079
CONTR_219,PION_239,T3_CON_005,experimental_demonstration,Elucidated molecular mechanisms of heterogeneous catalysis on solid surfaces using surface science methods; CO oxidation on platinum showing Langmuir-Hinshelwood mechanism; oscillating reaction on Pd(110); Nobel Chemistry 2007 for surface chemistry,Surface science approach to catalysis (Nobel Lecture 2007),1974-2007,major,SRC_079
CONTR_220,PION_228,T3_CON_005,instrumental_advance,Co-invented scanning tunnelling microscope (1981) with Rohrer enabling direct imaging of individual atoms on surfaces; quantum tunnelling current distance dependence gives sub-angstrom vertical resolution; Nobel Physics 1986,Surface Studies by Scanning Tunneling Microscopy (1982),1981-1982,major,SRC_079
CONTR_221,PION_229,T3_CON_005,instrumental_advance,Co-invented scanning tunnelling microscope (1981) enabling atomic-resolution surface imaging; first STM images of silicon 7x7 reconstruction; surface physics at atomic scale; Nobel Physics 1986 shared with Binnig,Surface Studies by Scanning Tunneling Microscopy (1982),1981-1982,major,SRC_079
CONTR_222,PION_246,T3_CON_005,instrumental_advance,"Developed electron spectroscopy for chemical analysis (ESCA/XPS, 1950s-60s) measuring binding energies of core electrons to identify elemental composition and chemical state of surfaces; fundamental analytical technique in surface and materials science; Nobel Physics 1981",Electron Spectroscopy for Chemical Analysis (1967),1954-1967,major,SRC_078
CONTR_223,PION_228,T3_CON_006,instrumental_advance,"STM invention (1981) provides capability to image and later manipulate individual atoms; subsequent development of atomic force microscope (AFM, 1986) extending atomic imaging to insulators and biological specimens; launched entire field of scanning probe microscopies",Atomic Force Microscope (1986),1981-1986,major,SRC_079
CONTR_224,PION_229,T3_CON_006,instrumental_advance,STM atomic-resolution imaging (1981) enabling nanotechnology foundation; first images of silicon surface reconstruction revealing atom positions; tunnelling spectroscopy for local electronic structure; established atomic-scale characterisation as routine,Surface Studies by Scanning Tunneling Microscopy (1982),1981-1986,major,SRC_079
CONTR_225,PION_230,T3_CON_006,experimental_demonstration,Co-discovered C60 buckminsterfullerene (1985) with Curl and Kroto using laser vaporisation of graphite; first closed-cage carbon molecule; opened carbon nanostructure chemistry; Nobel Chemistry 1996; early nanotechnology advocate,C60: Buckminsterfullerene (1985),1985,major,SRC_079
CONTR_226,PION_231,T3_CON_006,experimental_demonstration,Co-discovered C60 buckminsterfullerene (1985) with Smalley and Kroto using supersonic molecular beam laser vaporisation of graphite; Nobel Chemistry 1996; established carbon cluster spectroscopy method; characterised formation mechanisms of carbon nanostructure cages,C60: Buckminsterfullerene (1985),1985,major,SRC_079
CONTR_227,PION_232,T3_CON_006,experimental_demonstration,Co-discovered and named buckminsterfullerene C60 (1985) after Buckminster Fuller's geodesic domes; interstellar carbon chains research motivating experiment; fullerene chemistry as new branch of carbon science; Nobel Chemistry 1996,C60: Buckminsterfullerene (1985),1985,major,SRC_079
CONTR_228,PION_233,T3_CON_006,experimental_demonstration,Discovered multi-wall carbon nanotubes (1991) by electron microscopy of arc-discharge carbon soot; seminal Nature paper launched CNT research worldwide; single-wall CNTs (1993); nanotube electronic properties and applications,Helical Microtubules of Graphitic Carbon (1991),1991,major,SRC_079
CONTR_229,PION_234,T3_CON_006,experimental_demonstration,First deliberate atomic manipulation: positioned 35 xenon atoms to spell IBM logo (1989) using STM tip; quantum corral from 48 iron atoms on copper surface (1993) confining electron waves; demonstrated nanotechnology as physical reality,Positioning Single Atoms with a Scanning Tunnelling Microscope (1990),1989-1993,major,SRC_080
CONTR_230,PION_208,T3_CON_007,experimental_demonstration,Point-contact transistor (1947) with Brattain: first working transistor amplifying electrical signal using semiconductor surface inversion layer; founded semiconductor electronics; BCS superconductor theory (1957) also shaped semiconductor band physics understanding,"The Transistor, A Semi-Conductor Triode (1948)",1947-1948,major,SRC_078
CONTR_231,PION_209,T3_CON_007,foundational_idea,Junction transistor design (1948) more practical than point-contact version; minority carrier injection and p-n junction theory; Shockley diode equation; Shockley-Queisser detailed-balance efficiency limit for photovoltaics (1961); founded commercial semiconductor industry,Electrons and Holes in Semiconductors (1950),1948-1961,major,SRC_078
CONTR_232,PION_226,T3_CON_007,mathematical_formulation,"Proposed double heterostructure semiconductor laser (1963) and concept of quasi-electric fields in semiconductor heterostructures enabling carrier confinement; theoretical foundation for semiconductor lasers, LEDs, and modern optoelectronics; Nobel Physics 2000",A Proposed Class of Hetero-Junction Lasers (1963),1963,major,SRC_079
CONTR_233,PION_227,T3_CON_007,experimental_demonstration,Demonstrated first practical semiconductor heterostructure diode laser (1970) operating at room temperature; heterostructure bipolar transistors; III-V semiconductor devices; modern semiconductor laser technology for fibre optics and optical discs; Nobel Physics 2000,Double heterostructure concept and its applications in physics and technology (Nobel Lecture 2000),1963-1970,major,SRC_079
CONTR_234,PION_224,T3_CON_008,mathematical_formulation,Flory-Huggins lattice solution theory (1942) for polymer-solvent thermodynamics; excluded volume and polymer chain statistics; Flory exponent for polymer size scaling; Nobel Chemistry 1974 for fundamental achievements in physical chemistry of macromolecules,Thermodynamics of High Polymer Solutions (1942); Principles of Polymer Chemistry (1953),1942-1953,major,SRC_079
CONTR_235,PION_225,T3_CON_008,mathematical_formulation,Scaling concepts in polymer physics and reptation model for polymer chain dynamics in entangled melts (1971); liquid crystal physics; wetting and adhesion; introduced soft condensed matter as a coherent field; Nobel Physics 1991,Scaling Concepts in Polymer Physics (1979),1971-1979,major,SRC_079
CONTR_236,PION_195,T3_CON_008,foundational_idea,Nature of the Chemical Bond (1939) explaining polymer covalent structure through hybridisation and resonance; predicted alpha-helix and beta-sheet protein secondary structures (1951); protein hydrogen-bonding patterns; foundational for polymer structural theory,The Nature of the Chemical Bond (1939),1939-1951,major,SRC_076
CONTR_237,PION_249,T3_CON_009,methodological_innovation,Pioneered molecular dynamics simulation of biological macromolecules; CHARMM force field (1983) enabling atomic-level protein and nucleic acid dynamics; stochastic boundary conditions; Karplus equation for protein NMR structure determination; Nobel Chemistry 2013,"CHARMM: A Program for Macromolecular Energy, Minimization, and Dynamics Calculations (1983)",1977-1983,major,SRC_079
CONTR_238,PION_250,T3_CON_009,methodological_innovation,Developed coarse-grained and multiscale molecular dynamics for proteins enabling simulation of much larger systems and longer timescales; pioneered computational protein structure modelling and folding prediction; Nobel Chemistry 2013 for multiscale methods,Computer simulation of protein folding (1975),1975-1990,major,SRC_079
CONTR_239,PION_195,T3_CON_009,foundational_idea,Proposed alpha-helix and beta-sheet as universal protein secondary structures (1951) based on hydrogen bonding and bond angles; resonance in peptide bond constraining backbone geometry; antigen-antibody complementarity concept; molecular basis of genetic disease,The Structure of Proteins: Two Hydrogen-Bonded Helical Configurations (1951),1951,major,SRC_076
CONTR_240,PION_217,T3_CON_010,experimental_demonstration,Co-isolated graphene using Scotch tape mechanical exfoliation (2004) with Novoselov; characterized anomalous quantum Hall effect in graphene at room temperature; ambipolar field effect; Dirac fermion physics; Nobel Physics 2010,Electric Field Effect in Atomically Thin Carbon Films (2004),2004,major,SRC_080
CONTR_241,PION_218,T3_CON_010,experimental_demonstration,"Co-isolated and characterised graphene (2004) with Geim; measured two-dimensional electron gas properties in monolayer graphene; high electron mobility and linear dispersion; extended isolation to other 2D materials (BN, MoS2); Nobel Physics 2010",Electric Field Effect in Atomically Thin Carbon Films (2004),2004,major,SRC_080
CONTR_242,PION_219,T3_CON_010,mathematical_formulation,"TKNN topological invariant for quantum Hall states (1982) with Thouless, Kohmoto, Nightingale; proved Hall conductance is topological (Chern number); Kosterlitz-Thouless transition theory (1973) for 2D systems; Nobel Physics 2016",Quantized Hall Conductance in a Two-Dimensional Periodic Potential (1982),1973-1982,major,SRC_080
CONTR_243,PION_220,T3_CON_010,foundational_idea,Haldane model (1988) showing topological band structure can arise without Landau levels or net magnetic flux; AKLT model for integer-spin chains with topological edge states; predicted quantum anomalous Hall effect; Nobel Physics 2016,Model for a Quantum Hall Effect without Landau Levels (1988),1983-1988,major,SRC_080
CONTR_244,PION_221,T3_CON_010,mathematical_formulation,Kosterlitz-Thouless transition theory (1973) with Thouless: 2D systems undergo topological phase transition through vortex-antivortex unbinding without conventional order parameter; new class of phase transitions; Nobel Physics 2016,"Ordering, Metastability and Phase Transitions in Two-Dimensional Systems (1973)",1973,major,SRC_080
CONTR_245,PION_240,T3_CON_011,mathematical_formulation,Shor's algorithm (1994): polynomial-time quantum algorithm for integer factoring threatening RSA cryptography; showed quantum computing offers exponential speedup over classical for specific problems; galvanised quantum computing investment worldwide,Algorithms for Quantum Computation: Discrete Logarithms and Factoring (1994),1994,major,SRC_080
CONTR_246,PION_241,T3_CON_011,experimental_demonstration,Trapped-ion quantum computing: laser-cooled ions as qubits; quantum logic gate between ions (1995); quantum logic spectroscopy for optical clocks; demonstrated quantum teleportation and error correction in ion traps; Nobel Physics 2012,Demonstration of a Fundamental Quantum Logic Gate (1995),1995-2012,major,SRC_080
CONTR_247,PION_242,T3_CON_011,foundational_idea,Quantum error correction theory showing quantum information can be protected from decoherence; coined quantum supremacy; fault-tolerant quantum computation threshold theorem; stabiliser codes; quantum information textbook; threshold theorem for scalable QC,Quantum Computing: An Introduction (1997),1994-2002,major,SRC_080
CONTR_248,PION_243,T3_CON_011,experimental_demonstration,Bell inequality violation experiment (1982) with photon pairs from atomic cascade testing quantum entanglement; closed detection loophole; quantum erasure experiments; entanglement-based quantum cryptography; Nobel Physics 2022,Experimental Tests of Bell's Inequalities Using Time-Varying Analyzers (1982),1982,major,SRC_080
CONTR_249,PION_244,T3_CON_011,experimental_demonstration,First Bell test (1972) with CHSH inequality violating local hidden variable theories; first convincing experimental proof of quantum entanglement; established experimental quantum foundation for quantum computing and cryptography; Nobel Physics 2022,Experimental Test of Local Hidden-Variable Theories (1972),1972,major,SRC_080
CONTR_250,PION_245,T3_CON_011,experimental_demonstration,Quantum teleportation of photon states (1997); entanglement swapping; Greenberger-Horne-Zeilinger (GHZ) multi-photon entanglement; loophole-free Bell test (2017); entanglement-based quantum key distribution; Nobel Physics 2022 for entanglement experiments,Experimental Quantum Teleportation (1997),1997-2022,major,SRC_080
CONTR_251,PION_239,T3_CON_012,foundational_idea,Surface reaction kinetics and mechanisms on solid surfaces providing the theoretical framework for interstellar grain surface chemistry; Langmuir-Hinshelwood and Eley-Rideal mechanisms applied to H2 formation on dust grains in molecular clouds,Physical Chemistry of Surfaces and its Application to Astrophysics (contributions),1986-2007,major,SRC_079
CONTR_252,PION_235,T3_CON_012,methodological_innovation,"DFT methods enabling computation of molecular properties (bond lengths, vibrational frequencies, rotational constants) used to predict and identify interstellar molecules by radio astronomy; ab initio quantum chemistry underpins astrochemical spectral databases",Nobel Lecture: Electronic Structure of Matter — Wave Functions and Density Functionals (1998),1964-1998,major,SRC_079
CONTR_253,PION_238,T3_CON_012,methodological_innovation,Hybrid density functional methods computing accurate molecular energies and spectra of astrochemically relevant species; B3LYP functional widely used to calculate rotational spectra and reaction energetics for interstellar molecule detection and network modelling,Density-Functional Exchange-Energy Approximation with Correct Asymptotic Behavior (1988),1988-2000,major,SRC_079
